meter,site,tou,consumption_kwh,allocated_kwh,residual_kwh,excluded_intervals,rate_zar_per_kwh,wheeling_zar
MTR-1001,Atlantic Foods,peak,141658.38733333335,133383.5156,8274.871733333332,0,2.5,333458.78900000005
MTR-1001,Atlantic Foods,standard,325737.84633333335,299270.03366666666,26467.812666666658,0,1.8,538686.0606
MTR-1001,Atlantic Foods,offpeak,215430.65,215430.65,0.0,0,1.1,236973.71500000003
MTR-1002,Cape Textiles,peak,111336.016,107050.6535,4285.362500000001,0,2.5,267626.63375
MTR-1002,Cape Textiles,standard,252549.34,239404.11705,13145.222950000001,0,1.8,430927.41069
MTR-1002,Cape Textiles,offpeak,137313.234,137313.234,0.0,0,1.1,151044.55740000002
PT-77,Delta Cold Storage,peak,89943.78425,87341.66675,2602.1175,0,2.5,218354.166875
PT-77,Delta Cold Storage,standard,205963.392,197328.91875,8634.473250000001,0,1.8,355192.05375
PT-77,Delta Cold Storage,offpeak,285813.47225,285700.884,112.58825000000007,0,1.1,314270.9724
