serial;reading_date;reading_time;kw
PT-77;01/06/2026;00:00;715.216
PT-77;01/06/2026;00:15;803.397
PT-77;01/06/2026;00:30;767.316
PT-77;01/06/2026;00:45;780.978
PT-77;01/06/2026;01:00;781.162
PT-77;01/06/2026;01:15;849.686
PT-77;01/06/2026;01:30;815.122
PT-77;01/06/2026;01:45;787.807
PT-77;01/06/2026;02:00;724.585
PT-77;01/06/2026;02:15;801.484
PT-77;01/06/2026;02:30;774.347
PT-77;01/06/2026;02:45;814.055
PT-77;01/06/2026;03:00;761.394
PT-77;01/06/2026;03:15;734.901
PT-77;01/06/2026;03:30;688.262
PT-77;01/06/2026;03:45;780.225
PT-77;01/06/2026;04:00;714.971
PT-77;01/06/2026;04:15;778.560
PT-77;01/06/2026;04:30;756.834
PT-77;01/06/2026;04:45;714.622
PT-77;01/06/2026;05:00;761.551
PT-77;01/06/2026;05:15;825.205
PT-77;01/06/2026;05:30;810.741
PT-77;01/06/2026;05:45;717.835
PT-77;01/06/2026;06:00;718.947
PT-77;01/06/2026;06:15;786.731
PT-77;01/06/2026;06:30;806.595
PT-77;01/06/2026;06:45;741.844
PT-77;01/06/2026;07:00;870.649
PT-77;01/06/2026;07:15;788.234
PT-77;01/06/2026;07:30;817.593
PT-77;01/06/2026;07:45;812.600
PT-77;01/06/2026;08:00;910.303
PT-77;01/06/2026;08:15;826.169
PT-77;01/06/2026;08:30;761.944
PT-77;01/06/2026;08:45;829.574
PT-77;01/06/2026;09:00;778.854
PT-77;01/06/2026;09:15;906.055
PT-77;01/06/2026;09:30;939.174
PT-77;01/06/2026;09:45;881.426
PT-77;01/06/2026;10:00;948.592
PT-77;01/06/2026;10:15;873.140
PT-77;01/06/2026;10:30;970.979
PT-77;01/06/2026;10:45;860.093
PT-77;01/06/2026;11:00;988.659
PT-77;01/06/2026;11:15;945.345
PT-77;01/06/2026;11:30;928.090
PT-77;01/06/2026;11:45;846.749
PT-77;01/06/2026;12:00;964.384
PT-77;01/06/2026;12:15;927.454
PT-77;01/06/2026;12:30;855.897
PT-77;01/06/2026;12:45;835.994
PT-77;01/06/2026;13:00;863.072
PT-77;01/06/2026;13:15;966.414
PT-77;01/06/2026;13:30;955.508
PT-77;01/06/2026;13:45;921.201
PT-77;01/06/2026;14:00;856.811
PT-77;01/06/2026;14:15;946.745
PT-77;01/06/2026;14:30;956.071
PT-77;01/06/2026;14:45;829.587
PT-77;01/06/2026;15:00;840.050
PT-77;01/06/2026;15:15;922.101
PT-77;01/06/2026;15:30;987.513
PT-77;01/06/2026;15:45;910.554
PT-77;01/06/2026;16:00;897.241
PT-77;01/06/2026;16:15;811.746
PT-77;01/06/2026;16:30;930.650
PT-77;01/06/2026;16:45;831.519
PT-77;01/06/2026;17:00;946.659
PT-77;01/06/2026;17:15;875.262
PT-77;01/06/2026;17:30;755.130
PT-77;01/06/2026;17:45;803.837
PT-77;01/06/2026;18:00;894.925
PT-77;01/06/2026;18:15;805.720
PT-77;01/06/2026;18:30;779.321
PT-77;01/06/2026;18:45;795.675
PT-77;01/06/2026;19:00;787.832
PT-77;01/06/2026;19:15;762.912
PT-77;01/06/2026;19:30;852.979
PT-77;01/06/2026;19:45;740.468
PT-77;01/06/2026;20:00;690.602
PT-77;01/06/2026;20:15;771.542
PT-77;01/06/2026;20:30;768.545
PT-77;01/06/2026;20:45;761.007
PT-77;01/06/2026;21:00;781.906
PT-77;01/06/2026;21:15;807.270
PT-77;01/06/2026;21:30;863.451
PT-77;01/06/2026;21:45;817.718
PT-77;01/06/2026;22:00;748.283
PT-77;01/06/2026;22:15;804.277
PT-77;01/06/2026;22:30;665.224
PT-77;01/06/2026;22:45;775.449
PT-77;01/06/2026;23:00;795.717
PT-77;01/06/2026;23:15;767.490
PT-77;01/06/2026;23:30;892.850
PT-77;01/06/2026;23:45;777.450
PT-77;02/06/2026;00:00;849.934
PT-77;02/06/2026;00:15;806.717
PT-77;02/06/2026;00:30;724.716
PT-77;02/06/2026;00:45;835.176
PT-77;02/06/2026;01:00;770.316
PT-77;02/06/2026;01:15;683.235
PT-77;02/06/2026;01:30;900.670
PT-77;02/06/2026;01:45;784.318
PT-77;02/06/2026;02:00;732.158
PT-77;02/06/2026;02:15;841.454
PT-77;02/06/2026;02:30;755.067
PT-77;02/06/2026;02:45;766.325
PT-77;02/06/2026;03:00;731.610
PT-77;02/06/2026;03:15;685.339
PT-77;02/06/2026;03:30;825.419
PT-77;02/06/2026;03:45;774.020
PT-77;02/06/2026;04:00;724.247
PT-77;02/06/2026;04:15;766.182
PT-77;02/06/2026;04:30;750.949
PT-77;02/06/2026;04:45;749.156
PT-77;02/06/2026;05:00;810.345
PT-77;02/06/2026;05:15;713.577
PT-77;02/06/2026;05:30;796.141
PT-77;02/06/2026;05:45;853.129
PT-77;02/06/2026;06:00;719.569
PT-77;02/06/2026;06:15;822.669
PT-77;02/06/2026;06:30;859.376
PT-77;02/06/2026;06:45;827.143
PT-77;02/06/2026;07:00;830.933
PT-77;02/06/2026;07:15;820.412
PT-77;02/06/2026;07:30;810.586
PT-77;02/06/2026;07:45;799.454
PT-77;02/06/2026;08:00;840.513
PT-77;02/06/2026;08:15;885.609
PT-77;02/06/2026;08:30;777.704
PT-77;02/06/2026;08:45;871.224
PT-77;02/06/2026;09:00;770.334
PT-77;02/06/2026;09:15;892.317
PT-77;02/06/2026;09:30;903.602
PT-77;02/06/2026;09:45;865.480
PT-77;02/06/2026;10:00;856.014
PT-77;02/06/2026;10:15;938.072
PT-77;02/06/2026;10:30;872.336
PT-77;02/06/2026;10:45;847.888
PT-77;02/06/2026;11:00;935.015
PT-77;02/06/2026;11:15;897.250
PT-77;02/06/2026;11:30;866.262
PT-77;02/06/2026;11:45;867.961
PT-77;02/06/2026;12:00;992.926
PT-77;02/06/2026;12:15;871.873
PT-77;02/06/2026;12:30;925.887
PT-77;02/06/2026;12:45;946.395
PT-77;02/06/2026;13:00;849.029
PT-77;02/06/2026;13:15;909.148
PT-77;02/06/2026;13:30;956.331
PT-77;02/06/2026;13:45;846.707
PT-77;02/06/2026;14:00;916.396
PT-77;02/06/2026;14:15;1004.253
PT-77;02/06/2026;14:30;863.907
PT-77;02/06/2026;14:45;902.504
PT-77;02/06/2026;15:00;964.255
PT-77;02/06/2026;15:15;882.845
PT-77;02/06/2026;15:30;952.741
PT-77;02/06/2026;15:45;933.629
PT-77;02/06/2026;16:00;881.939
PT-77;02/06/2026;16:15;851.692
PT-77;02/06/2026;16:30;848.831
PT-77;02/06/2026;16:45;914.372
PT-77;02/06/2026;17:00;907.045
PT-77;02/06/2026;17:15;847.057
PT-77;02/06/2026;17:30;817.726
PT-77;02/06/2026;17:45;885.547
PT-77;02/06/2026;18:00;747.613
PT-77;02/06/2026;18:15;865.118
PT-77;02/06/2026;18:30;859.244
PT-77;02/06/2026;18:45;758.717
PT-77;02/06/2026;19:00;750.331
PT-77;02/06/2026;19:15;805.585
PT-77;02/06/2026;19:30;759.867
PT-77;02/06/2026;19:45;775.361
PT-77;02/06/2026;20:00;773.806
PT-77;02/06/2026;20:15;705.356
PT-77;02/06/2026;20:30;805.304
PT-77;02/06/2026;20:45;744.265
PT-77;02/06/2026;21:00;736.690
PT-77;02/06/2026;21:15;684.171
PT-77;02/06/2026;21:30;701.506
PT-77;02/06/2026;21:45;785.405
PT-77;02/06/2026;22:00;736.488
PT-77;02/06/2026;22:15;734.465
PT-77;02/06/2026;22:30;828.591
PT-77;02/06/2026;22:45;754.638
PT-77;02/06/2026;23:00;828.271
PT-77;02/06/2026;23:15;717.236
PT-77;02/06/2026;23:30;842.679
PT-77;02/06/2026;23:45;755.435
PT-77;03/06/2026;00:00;664.529
PT-77;03/06/2026;00:15;738.414
PT-77;03/06/2026;00:30;745.128
PT-77;03/06/2026;00:45;840.900
PT-77;03/06/2026;01:00;855.741
PT-77;03/06/2026;01:15;732.648
PT-77;03/06/2026;01:30;697.491
PT-77;03/06/2026;01:45;798.341
PT-77;03/06/2026;02:00;767.151
PT-77;03/06/2026;02:15;821.380
PT-77;03/06/2026;02:30;886.643
PT-77;03/06/2026;02:45;755.406
PT-77;03/06/2026;03:00;771.700
PT-77;03/06/2026;03:15;736.556
PT-77;03/06/2026;03:30;877.900
PT-77;03/06/2026;03:45;772.446
PT-77;03/06/2026;04:00;773.594
PT-77;03/06/2026;04:15;715.783
PT-77;03/06/2026;04:30;797.951
PT-77;03/06/2026;04:45;759.689
PT-77;03/06/2026;05:00;733.379
PT-77;03/06/2026;05:15;795.299
PT-77;03/06/2026;05:30;790.136
PT-77;03/06/2026;05:45;762.217
PT-77;03/06/2026;06:00;810.522
PT-77;03/06/2026;06:15;727.475
PT-77;03/06/2026;06:30;811.907
PT-77;03/06/2026;06:45;792.114
PT-77;03/06/2026;07:00;734.511
PT-77;03/06/2026;07:15;809.063
PT-77;03/06/2026;07:30;885.810
PT-77;03/06/2026;07:45;776.616
PT-77;03/06/2026;08:00;735.535
PT-77;03/06/2026;08:15;850.494
PT-77;03/06/2026;08:30;742.488
PT-77;03/06/2026;08:45;799.870
PT-77;03/06/2026;09:00;883.336
PT-77;03/06/2026;09:15;815.483
PT-77;03/06/2026;09:30;839.760
PT-77;03/06/2026;09:45;761.821
PT-77;03/06/2026;10:00;967.494
PT-77;03/06/2026;10:15;844.794
PT-77;03/06/2026;10:30;955.862
PT-77;03/06/2026;10:45;856.078
PT-77;03/06/2026;11:00;913.972
PT-77;03/06/2026;11:15;796.075
PT-77;03/06/2026;11:30;817.985
PT-77;03/06/2026;11:45;940.856
PT-77;03/06/2026;12:00;954.875
PT-77;03/06/2026;12:15;830.446
PT-77;03/06/2026;12:30;946.060
PT-77;03/06/2026;12:45;899.876
PT-77;03/06/2026;13:00;908.570
PT-77;03/06/2026;13:15;862.254
PT-77;03/06/2026;13:30;967.933
PT-77;03/06/2026;13:45;862.525
PT-77;03/06/2026;14:00;961.147
PT-77;03/06/2026;14:15;1029.414
PT-77;03/06/2026;14:30;977.315
PT-77;03/06/2026;14:45;858.840
PT-77;03/06/2026;15:00;855.219
PT-77;03/06/2026;15:15;921.134
PT-77;03/06/2026;15:30;799.304
PT-77;03/06/2026;15:45;882.984
PT-77;03/06/2026;16:00;867.566
PT-77;03/06/2026;16:15;921.723
PT-77;03/06/2026;16:30;829.446
PT-77;03/06/2026;16:45;878.111
PT-77;03/06/2026;17:00;824.741
PT-77;03/06/2026;17:15;848.595
PT-77;03/06/2026;17:30;949.174
PT-77;03/06/2026;17:45;812.616
PT-77;03/06/2026;18:00;797.729
PT-77;03/06/2026;18:15;917.416
PT-77;03/06/2026;18:30;780.082
PT-77;03/06/2026;18:45;786.505
PT-77;03/06/2026;19:00;814.028
PT-77;03/06/2026;19:15;770.395
PT-77;03/06/2026;19:30;804.110
PT-77;03/06/2026;19:45;795.629
PT-77;03/06/2026;20:00;741.683
PT-77;03/06/2026;20:15;839.430
PT-77;03/06/2026;20:30;757.765
PT-77;03/06/2026;20:45;756.172
PT-77;03/06/2026;21:00;792.962
PT-77;03/06/2026;21:15;802.660
PT-77;03/06/2026;21:30;798.799
PT-77;03/06/2026;21:45;781.897
PT-77;03/06/2026;22:00;833.910
PT-77;03/06/2026;22:15;822.301
PT-77;03/06/2026;22:30;790.439
PT-77;03/06/2026;22:45;774.094
PT-77;03/06/2026;23:00;836.030
PT-77;03/06/2026;23:15;722.423
PT-77;03/06/2026;23:30;857.241
PT-77;03/06/2026;23:45;731.389
PT-77;04/06/2026;00:00;840.387
PT-77;04/06/2026;00:15;816.211
PT-77;04/06/2026;00:30;676.097
PT-77;04/06/2026;00:45;756.768
PT-77;04/06/2026;01:00;694.258
PT-77;04/06/2026;01:15;807.977
PT-77;04/06/2026;01:30;787.077
PT-77;04/06/2026;01:45;733.115
PT-77;04/06/2026;02:00;818.495
PT-77;04/06/2026;02:15;777.644
PT-77;04/06/2026;02:30;764.576
PT-77;04/06/2026;02:45;747.308
PT-77;04/06/2026;03:00;742.737
PT-77;04/06/2026;03:15;716.420
PT-77;04/06/2026;03:30;761.104
PT-77;04/06/2026;03:45;865.554
PT-77;04/06/2026;04:00;805.628
PT-77;04/06/2026;04:15;691.085
PT-77;04/06/2026;04:30;794.261
PT-77;04/06/2026;04:45;878.235
PT-77;04/06/2026;05:00;767.516
PT-77;04/06/2026;05:15;708.524
PT-77;04/06/2026;05:30;750.803
PT-77;04/06/2026;05:45;723.842
PT-77;04/06/2026;06:00;668.438
PT-77;04/06/2026;06:15;720.028
PT-77;04/06/2026;06:30;853.787
PT-77;04/06/2026;06:45;815.676
PT-77;04/06/2026;07:00;872.633
PT-77;04/06/2026;07:15;759.235
PT-77;04/06/2026;07:30;769.718
PT-77;04/06/2026;07:45;826.387
PT-77;04/06/2026;08:00;812.171
PT-77;04/06/2026;08:15;891.644
PT-77;04/06/2026;08:30;811.617
PT-77;04/06/2026;08:45;826.838
PT-77;04/06/2026;09:00;881.534
PT-77;04/06/2026;09:15;768.592
PT-77;04/06/2026;09:30;822.723
PT-77;04/06/2026;09:45;957.350
PT-77;04/06/2026;10:00;936.816
PT-77;04/06/2026;10:15;866.960
PT-77;04/06/2026;10:30;981.639
PT-77;04/06/2026;10:45;867.458
PT-77;04/06/2026;11:00;967.786
PT-77;04/06/2026;11:15;841.342
PT-77;04/06/2026;11:30;918.629
PT-77;04/06/2026;11:45;863.725
PT-77;04/06/2026;12:00;822.007
PT-77;04/06/2026;12:15;956.678
PT-77;04/06/2026;12:30;924.389
PT-77;04/06/2026;12:45;875.577
PT-77;04/06/2026;13:00;968.774
PT-77;04/06/2026;13:15;939.968
PT-77;04/06/2026;13:30;857.336
PT-77;04/06/2026;13:45;928.129
PT-77;04/06/2026;14:00;833.454
PT-77;04/06/2026;14:15;949.699
PT-77;04/06/2026;14:30;854.992
PT-77;04/06/2026;14:45;966.698
PT-77;04/06/2026;15:00;841.439
PT-77;04/06/2026;15:15;892.487
PT-77;04/06/2026;15:30;970.662
PT-77;04/06/2026;15:45;850.264
PT-77;04/06/2026;16:00;927.018
PT-77;04/06/2026;16:15;932.950
PT-77;04/06/2026;16:30;933.831
PT-77;04/06/2026;16:45;833.901
PT-77;04/06/2026;17:00;901.599
PT-77;04/06/2026;17:15;897.663
PT-77;04/06/2026;17:30;798.492
PT-77;04/06/2026;17:45;923.622
PT-77;04/06/2026;18:00;814.067
PT-77;04/06/2026;18:15;901.748
PT-77;04/06/2026;18:30;839.689
PT-77;04/06/2026;18:45;849.697
PT-77;04/06/2026;19:00;728.308
PT-77;04/06/2026;19:15;845.897
PT-77;04/06/2026;19:30;809.747
PT-77;04/06/2026;19:45;804.667
PT-77;04/06/2026;20:00;807.201
PT-77;04/06/2026;20:15;768.674
PT-77;04/06/2026;20:30;731.475
PT-77;04/06/2026;20:45;723.484
PT-77;04/06/2026;21:00;696.066
PT-77;04/06/2026;21:15;769.654
PT-77;04/06/2026;21:30;822.257
PT-77;04/06/2026;21:45;732.102
PT-77;04/06/2026;22:00;754.620
PT-77;04/06/2026;22:15;831.686
PT-77;04/06/2026;22:30;799.415
PT-77;04/06/2026;22:45;795.404
PT-77;04/06/2026;23:00;789.760
PT-77;04/06/2026;23:15;676.399
PT-77;04/06/2026;23:30;782.498
PT-77;04/06/2026;23:45;772.414
PT-77;05/06/2026;00:00;709.215
PT-77;05/06/2026;00:15;831.849
PT-77;05/06/2026;00:30;795.936
PT-77;05/06/2026;00:45;710.364
PT-77;05/06/2026;01:00;753.269
PT-77;05/06/2026;01:15;765.218
PT-77;05/06/2026;01:30;822.029
PT-77;05/06/2026;01:45;700.537
PT-77;05/06/2026;02:00;665.859
PT-77;05/06/2026;02:15;776.109
PT-77;05/06/2026;02:30;792.322
PT-77;05/06/2026;02:45;705.870
PT-77;05/06/2026;03:00;736.186
PT-77;05/06/2026;03:15;777.436
PT-77;05/06/2026;03:30;797.035
PT-77;05/06/2026;03:45;721.755
PT-77;05/06/2026;04:00;829.433
PT-77;05/06/2026;04:15;713.294
PT-77;05/06/2026;04:30;684.996
PT-77;05/06/2026;04:45;765.517
PT-77;05/06/2026;05:00;841.591
PT-77;05/06/2026;05:15;746.248
PT-77;05/06/2026;05:30;777.142
PT-77;05/06/2026;05:45;678.333
PT-77;05/06/2026;06:00;773.742
PT-77;05/06/2026;06:15;871.704
PT-77;05/06/2026;06:30;773.543
PT-77;05/06/2026;06:45;848.954
PT-77;05/06/2026;07:00;779.609
PT-77;05/06/2026;07:15;845.070
PT-77;05/06/2026;07:30;736.885
PT-77;05/06/2026;07:45;785.420
PT-77;05/06/2026;08:00;767.033
PT-77;05/06/2026;08:15;855.316
PT-77;05/06/2026;08:30;808.191
PT-77;05/06/2026;08:45;877.644
PT-77;05/06/2026;09:00;790.208
PT-77;05/06/2026;09:15;878.510
PT-77;05/06/2026;09:30;860.300
PT-77;05/06/2026;09:45;933.149
PT-77;05/06/2026;10:00;882.158
PT-77;05/06/2026;10:15;768.499
PT-77;05/06/2026;10:30;866.196
PT-77;05/06/2026;10:45;908.138
PT-77;05/06/2026;11:00;857.398
PT-77;05/06/2026;11:15;1005.014
PT-77;05/06/2026;11:30;959.240
PT-77;05/06/2026;11:45;973.203
PT-77;05/06/2026;12:00;1042.411
PT-77;05/06/2026;12:15;894.941
PT-77;05/06/2026;12:30;864.507
PT-77;05/06/2026;12:45;1008.633
PT-77;05/06/2026;13:00;951.479
PT-77;05/06/2026;13:15;836.923
PT-77;05/06/2026;13:30;871.438
PT-77;05/06/2026;13:45;919.788
PT-77;05/06/2026;14:00;895.222
PT-77;05/06/2026;14:15;939.627
PT-77;05/06/2026;14:30;839.169
PT-77;05/06/2026;14:45;890.193
PT-77;05/06/2026;15:00;801.704
PT-77;05/06/2026;15:15;935.216
PT-77;05/06/2026;15:30;922.489
PT-77;05/06/2026;15:45;844.681
PT-77;05/06/2026;16:00;862.062
PT-77;05/06/2026;16:15;777.365
PT-77;05/06/2026;16:30;843.326
PT-77;05/06/2026;16:45;852.004
PT-77;05/06/2026;17:00;811.450
PT-77;05/06/2026;17:15;864.388
PT-77;05/06/2026;17:30;813.783
PT-77;05/06/2026;17:45;949.857
PT-77;05/06/2026;18:00;913.962
PT-77;05/06/2026;18:15;855.497
PT-77;05/06/2026;18:30;802.099
PT-77;05/06/2026;18:45;853.947
PT-77;05/06/2026;19:00;781.195
PT-77;05/06/2026;19:15;759.405
PT-77;05/06/2026;19:30;865.267
PT-77;05/06/2026;19:45;822.206
PT-77;05/06/2026;20:00;679.387
PT-77;05/06/2026;20:15;736.017
PT-77;05/06/2026;20:30;799.290
PT-77;05/06/2026;20:45;798.159
PT-77;05/06/2026;21:00;814.976
PT-77;05/06/2026;21:15;732.149
PT-77;05/06/2026;21:30;699.771
PT-77;05/06/2026;21:45;746.767
PT-77;05/06/2026;22:00;821.516
PT-77;05/06/2026;22:15;791.592
PT-77;05/06/2026;22:30;824.479
PT-77;05/06/2026;22:45;797.962
PT-77;05/06/2026;23:00;725.312
PT-77;05/06/2026;23:15;765.022
PT-77;05/06/2026;23:30;749.605
PT-77;05/06/2026;23:45;811.892
PT-77;06/06/2026;00:00;675.162
PT-77;06/06/2026;00:15;718.278
PT-77;06/06/2026;00:30;674.818
PT-77;06/06/2026;00:45;738.685
PT-77;06/06/2026;01:00;757.984
PT-77;06/06/2026;01:15;725.522
PT-77;06/06/2026;01:30;801.135
PT-77;06/06/2026;01:45;712.089
PT-77;06/06/2026;02:00;726.902
PT-77;06/06/2026;02:15;850.231
PT-77;06/06/2026;02:30;710.944
PT-77;06/06/2026;02:45;756.298
PT-77;06/06/2026;03:00;771.944
PT-77;06/06/2026;03:15;709.564
PT-77;06/06/2026;03:30;710.817
PT-77;06/06/2026;03:45;701.846
PT-77;06/06/2026;04:00;707.870
PT-77;06/06/2026;04:15;828.484
PT-77;06/06/2026;04:30;681.507
PT-77;06/06/2026;04:45;693.232
PT-77;06/06/2026;05:00;707.249
PT-77;06/06/2026;05:15;728.268
PT-77;06/06/2026;05:30;793.106
PT-77;06/06/2026;05:45;778.215
PT-77;06/06/2026;06:00;747.480
PT-77;06/06/2026;06:15;713.755
PT-77;06/06/2026;06:30;797.936
PT-77;06/06/2026;06:45;766.706
PT-77;06/06/2026;07:00;840.004
PT-77;06/06/2026;07:15;760.519
PT-77;06/06/2026;07:30;869.804
PT-77;06/06/2026;07:45;759.418
PT-77;06/06/2026;08:00;861.834
PT-77;06/06/2026;08:15;758.235
PT-77;06/06/2026;08:30;764.003
PT-77;06/06/2026;08:45;796.943
PT-77;06/06/2026;09:00;752.369
PT-77;06/06/2026;09:15;880.531
PT-77;06/06/2026;09:30;840.765
PT-77;06/06/2026;09:45;834.398
PT-77;06/06/2026;10:00;875.311
PT-77;06/06/2026;10:15;855.605
PT-77;06/06/2026;10:30;958.715
PT-77;06/06/2026;10:45;834.067
PT-77;06/06/2026;11:00;783.719
PT-77;06/06/2026;11:15;851.676
PT-77;06/06/2026;11:30;809.783
PT-77;06/06/2026;11:45;929.320
PT-77;06/06/2026;12:00;860.762
PT-77;06/06/2026;12:15;795.120
PT-77;06/06/2026;12:30;959.961
PT-77;06/06/2026;12:45;828.042
PT-77;06/06/2026;13:00;938.637
PT-77;06/06/2026;13:15;841.831
PT-77;06/06/2026;13:30;848.099
PT-77;06/06/2026;13:45;891.054
PT-77;06/06/2026;14:00;809.917
PT-77;06/06/2026;14:15;746.706
PT-77;06/06/2026;14:30;796.843
PT-77;06/06/2026;14:45;879.514
PT-77;06/06/2026;15:00;938.933
PT-77;06/06/2026;15:15;893.502
PT-77;06/06/2026;15:30;853.682
PT-77;06/06/2026;15:45;877.636
PT-77;06/06/2026;16:00;819.735
PT-77;06/06/2026;16:15;747.492
PT-77;06/06/2026;16:30;826.353
PT-77;06/06/2026;16:45;891.763
PT-77;06/06/2026;17:00;827.971
PT-77;06/06/2026;17:15;790.370
PT-77;06/06/2026;17:30;835.744
PT-77;06/06/2026;17:45;828.714
PT-77;06/06/2026;18:00;834.606
PT-77;06/06/2026;18:15;714.351
PT-77;06/06/2026;18:30;728.900
PT-77;06/06/2026;18:45;822.365
PT-77;06/06/2026;19:00;720.812
PT-77;06/06/2026;19:15;792.492
PT-77;06/06/2026;19:30;733.441
PT-77;06/06/2026;19:45;741.442
PT-77;06/06/2026;20:00;755.113
PT-77;06/06/2026;20:15;754.331
PT-77;06/06/2026;20:30;772.378
PT-77;06/06/2026;20:45;661.304
PT-77;06/06/2026;21:00;783.036
PT-77;06/06/2026;21:15;709.972
PT-77;06/06/2026;21:30;636.752
PT-77;06/06/2026;21:45;715.679
PT-77;06/06/2026;22:00;701.727
PT-77;06/06/2026;22:15;742.701
PT-77;06/06/2026;22:30;772.129
PT-77;06/06/2026;22:45;686.056
PT-77;06/06/2026;23:00;749.724
PT-77;06/06/2026;23:15;691.143
PT-77;06/06/2026;23:30;764.395
PT-77;06/06/2026;23:45;703.513
PT-77;07/06/2026;00:00;777.147
PT-77;07/06/2026;00:15;681.730
PT-77;07/06/2026;00:30;704.575
PT-77;07/06/2026;00:45;765.873
PT-77;07/06/2026;01:00;714.443
PT-77;07/06/2026;01:15;786.168
PT-77;07/06/2026;01:30;737.745
PT-77;07/06/2026;01:45;686.774
PT-77;07/06/2026;02:00;759.619
PT-77;07/06/2026;02:15;791.659
PT-77;07/06/2026;02:30;778.697
PT-77;07/06/2026;02:45;715.029
PT-77;07/06/2026;03:00;762.168
PT-77;07/06/2026;03:15;762.296
PT-77;07/06/2026;03:30;738.422
PT-77;07/06/2026;03:45;697.711
PT-77;07/06/2026;04:00;702.620
PT-77;07/06/2026;04:15;751.125
PT-77;07/06/2026;04:30;710.101
PT-77;07/06/2026;04:45;657.256
PT-77;07/06/2026;05:00;659.806
PT-77;07/06/2026;05:15;745.881
PT-77;07/06/2026;05:30;696.435
PT-77;07/06/2026;05:45;715.278
PT-77;07/06/2026;06:00;680.952
PT-77;07/06/2026;06:15;711.512
PT-77;07/06/2026;06:30;712.182
PT-77;07/06/2026;06:45;787.153
PT-77;07/06/2026;07:00;723.410
PT-77;07/06/2026;07:15;750.388
PT-77;07/06/2026;07:30;791.087
PT-77;07/06/2026;07:45;729.040
PT-77;07/06/2026;08:00;804.192
PT-77;07/06/2026;08:15;819.267
PT-77;07/06/2026;08:30;895.946
PT-77;07/06/2026;08:45;794.319
PT-77;07/06/2026;09:00;806.759
PT-77;07/06/2026;09:15;902.802
PT-77;07/06/2026;09:30;923.919
PT-77;07/06/2026;09:45;804.703
PT-77;07/06/2026;10:00;857.309
PT-77;07/06/2026;10:15;904.691
PT-77;07/06/2026;10:30;843.732
PT-77;07/06/2026;10:45;863.817
PT-77;07/06/2026;11:00;866.300
PT-77;07/06/2026;11:15;872.792
PT-77;07/06/2026;11:30;882.022
PT-77;07/06/2026;11:45;800.785
PT-77;07/06/2026;12:00;894.269
PT-77;07/06/2026;12:15;776.729
PT-77;07/06/2026;12:30;809.413
PT-77;07/06/2026;12:45;922.702
PT-77;07/06/2026;13:00;874.951
PT-77;07/06/2026;13:15;904.025
PT-77;07/06/2026;13:30;805.876
PT-77;07/06/2026;13:45;904.408
PT-77;07/06/2026;14:00;843.594
PT-77;07/06/2026;14:15;970.110
PT-77;07/06/2026;14:30;918.726
PT-77;07/06/2026;14:45;795.285
PT-77;07/06/2026;15:00;836.543
PT-77;07/06/2026;15:15;861.738
PT-77;07/06/2026;15:30;906.573
PT-77;07/06/2026;15:45;830.034
PT-77;07/06/2026;16:00;876.713
PT-77;07/06/2026;16:15;816.275
PT-77;07/06/2026;16:30;861.697
PT-77;07/06/2026;16:45;832.556
PT-77;07/06/2026;17:00;717.365
PT-77;07/06/2026;17:15;799.083
PT-77;07/06/2026;17:30;802.218
PT-77;07/06/2026;17:45;844.864
PT-77;07/06/2026;18:00;751.685
PT-77;07/06/2026;18:15;816.656
PT-77;07/06/2026;18:30;828.979
PT-77;07/06/2026;18:45;734.470
PT-77;07/06/2026;19:00;791.707
PT-77;07/06/2026;19:15;679.990
PT-77;07/06/2026;19:30;820.517
PT-77;07/06/2026;19:45;764.240
PT-77;07/06/2026;20:00;791.501
PT-77;07/06/2026;20:15;735.748
PT-77;07/06/2026;20:30;792.996
PT-77;07/06/2026;20:45;682.233
PT-77;07/06/2026;21:00;791.568
PT-77;07/06/2026;21:15;728.647
PT-77;07/06/2026;21:30;772.361
PT-77;07/06/2026;21:45;793.569
PT-77;07/06/2026;22:00;716.999
PT-77;07/06/2026;22:15;664.376
PT-77;07/06/2026;22:30;739.988
PT-77;07/06/2026;22:45;836.342
PT-77;07/06/2026;23:00;722.623
PT-77;07/06/2026;23:15;789.382
PT-77;07/06/2026;23:30;736.083
PT-77;07/06/2026;23:45;787.751
PT-77;08/06/2026;00:00;689.528
PT-77;08/06/2026;00:15;781.540
PT-77;08/06/2026;00:30;811.627
PT-77;08/06/2026;00:45;831.662
PT-77;08/06/2026;01:00;705.062
PT-77;08/06/2026;01:15;776.644
PT-77;08/06/2026;01:30;830.637
PT-77;08/06/2026;01:45;711.708
PT-77;08/06/2026;02:00;756.128
PT-77;08/06/2026;02:15;725.868
PT-77;08/06/2026;02:30;814.935
PT-77;08/06/2026;02:45;732.197
PT-77;08/06/2026;03:00;745.819
PT-77;08/06/2026;03:15;684.748
PT-77;08/06/2026;03:30;850.751
PT-77;08/06/2026;03:45;736.234
PT-77;08/06/2026;04:00;689.654
PT-77;08/06/2026;04:15;742.966
PT-77;08/06/2026;04:30;741.955
PT-77;08/06/2026;04:45;799.357
PT-77;08/06/2026;05:00;815.050
PT-77;08/06/2026;05:15;713.703
PT-77;08/06/2026;05:30;749.132
PT-77;08/06/2026;05:45;811.804
PT-77;08/06/2026;06:00;764.488
PT-77;08/06/2026;06:15;786.643
PT-77;08/06/2026;06:30;884.332
PT-77;08/06/2026;06:45;782.498
PT-77;08/06/2026;07:00;862.823
PT-77;08/06/2026;07:15;794.070
PT-77;08/06/2026;07:30;868.630
PT-77;08/06/2026;07:45;749.813
PT-77;08/06/2026;08:00;797.133
PT-77;08/06/2026;08:15;842.225
PT-77;08/06/2026;08:30;886.159
PT-77;08/06/2026;08:45;909.920
PT-77;08/06/2026;09:00;947.115
PT-77;08/06/2026;09:15;838.119
PT-77;08/06/2026;09:30;885.645
PT-77;08/06/2026;09:45;875.462
PT-77;08/06/2026;10:00;860.783
PT-77;08/06/2026;10:15;801.524
PT-77;08/06/2026;10:30;874.387
PT-77;08/06/2026;10:45;854.694
PT-77;08/06/2026;11:00;973.766
PT-77;08/06/2026;11:15;830.585
PT-77;08/06/2026;11:30;900.736
PT-77;08/06/2026;11:45;894.439
PT-77;08/06/2026;12:00;836.145
PT-77;08/06/2026;12:15;950.368
PT-77;08/06/2026;12:30;893.130
PT-77;08/06/2026;12:45;907.755
PT-77;08/06/2026;13:00;979.862
PT-77;08/06/2026;13:15;891.120
PT-77;08/06/2026;13:30;930.656
PT-77;08/06/2026;13:45;859.698
PT-77;08/06/2026;14:00;857.294
PT-77;08/06/2026;14:15;957.744
PT-77;08/06/2026;14:30;873.604
PT-77;08/06/2026;14:45;863.513
PT-77;08/06/2026;15:00;888.727
PT-77;08/06/2026;15:15;987.975
PT-77;08/06/2026;15:30;847.906
PT-77;08/06/2026;15:45;951.962
PT-77;08/06/2026;16:00;844.724
PT-77;08/06/2026;16:15;923.922
PT-77;08/06/2026;16:30;879.599
PT-77;08/06/2026;16:45;869.848
PT-77;08/06/2026;17:00;763.379
PT-77;08/06/2026;17:15;871.892
PT-77;08/06/2026;17:30;864.589
PT-77;08/06/2026;17:45;866.050
PT-77;08/06/2026;18:00;785.708
PT-77;08/06/2026;18:15;777.434
PT-77;08/06/2026;18:30;807.913
PT-77;08/06/2026;18:45;873.786
PT-77;08/06/2026;19:00;888.561
PT-77;08/06/2026;19:15;780.961
PT-77;08/06/2026;19:30;822.576
PT-77;08/06/2026;19:45;881.383
PT-77;08/06/2026;20:00;817.074
PT-77;08/06/2026;20:15;696.129
PT-77;08/06/2026;20:30;767.674
PT-77;08/06/2026;20:45;770.928
PT-77;08/06/2026;21:00;700.414
PT-77;08/06/2026;21:15;756.237
PT-77;08/06/2026;21:30;778.250
PT-77;08/06/2026;21:45;707.120
PT-77;08/06/2026;22:00;708.411
PT-77;08/06/2026;22:15;785.730
PT-77;08/06/2026;22:30;677.283
PT-77;08/06/2026;22:45;777.379
PT-77;08/06/2026;23:00;811.428
PT-77;08/06/2026;23:15;726.890
PT-77;08/06/2026;23:30;744.270
PT-77;08/06/2026;23:45;805.923
PT-77;09/06/2026;00:00;800.919
PT-77;09/06/2026;00:15;777.256
PT-77;09/06/2026;00:30;794.516
PT-77;09/06/2026;00:45;792.090
PT-77;09/06/2026;01:00;791.366
PT-77;09/06/2026;01:15;891.181
PT-77;09/06/2026;01:30;695.410
PT-77;09/06/2026;01:45;785.325
PT-77;09/06/2026;02:00;715.151
PT-77;09/06/2026;02:15;757.291
PT-77;09/06/2026;02:30;812.906
PT-77;09/06/2026;02:45;745.244
PT-77;09/06/2026;03:00;775.779
PT-77;09/06/2026;03:15;770.569
PT-77;09/06/2026;03:30;765.059
PT-77;09/06/2026;03:45;832.067
PT-77;09/06/2026;04:00;699.756
PT-77;09/06/2026;04:15;671.469
PT-77;09/06/2026;04:30;732.148
PT-77;09/06/2026;04:45;780.886
PT-77;09/06/2026;05:00;687.069
PT-77;09/06/2026;05:15;791.218
PT-77;09/06/2026;05:30;782.948
PT-77;09/06/2026;05:45;729.623
PT-77;09/06/2026;06:00;787.343
PT-77;09/06/2026;06:15;743.687
PT-77;09/06/2026;06:30;784.593
PT-77;09/06/2026;06:45;819.368
PT-77;09/06/2026;07:00;829.792
PT-77;09/06/2026;07:15;800.769
PT-77;09/06/2026;07:30;828.252
PT-77;09/06/2026;07:45;829.498
PT-77;09/06/2026;08:00;775.815
PT-77;09/06/2026;08:15;783.206
PT-77;09/06/2026;08:30;803.419
PT-77;09/06/2026;08:45;898.312
PT-77;09/06/2026;09:00;823.066
PT-77;09/06/2026;09:15;934.022
PT-77;09/06/2026;09:30;949.957
PT-77;09/06/2026;09:45;813.723
PT-77;09/06/2026;10:00;854.630
PT-77;09/06/2026;10:15;896.099
PT-77;09/06/2026;10:30;887.388
PT-77;09/06/2026;10:45;898.504
PT-77;09/06/2026;11:00;954.595
PT-77;09/06/2026;11:15;862.899
PT-77;09/06/2026;11:30;1019.923
PT-77;09/06/2026;11:45;958.018
PT-77;09/06/2026;12:00;911.527
PT-77;09/06/2026;12:15;902.349
PT-77;09/06/2026;12:30;948.630
PT-77;09/06/2026;12:45;905.677
PT-77;09/06/2026;13:00;906.065
PT-77;09/06/2026;13:15;965.787
PT-77;09/06/2026;13:30;856.424
PT-77;09/06/2026;13:45;974.115
PT-77;09/06/2026;14:00;876.285
PT-77;09/06/2026;14:15;1002.023
PT-77;09/06/2026;14:30;1000.749
PT-77;09/06/2026;14:45;866.666
PT-77;09/06/2026;15:00;957.467
PT-77;09/06/2026;15:15;817.788
PT-77;09/06/2026;15:30;958.753
PT-77;09/06/2026;15:45;954.904
PT-77;09/06/2026;16:00;782.858
PT-77;09/06/2026;16:15;917.119
PT-77;09/06/2026;16:30;842.499
PT-77;09/06/2026;16:45;806.376
PT-77;09/06/2026;17:00;933.098
PT-77;09/06/2026;17:15;883.080
PT-77;09/06/2026;17:30;795.190
PT-77;09/06/2026;17:45;855.795
PT-77;09/06/2026;18:00;871.145
PT-77;09/06/2026;18:15;857.036
PT-77;09/06/2026;18:30;847.852
PT-77;09/06/2026;18:45;872.663
PT-77;09/06/2026;19:00;800.156
PT-77;09/06/2026;19:15;827.850
PT-77;09/06/2026;19:30;830.137
PT-77;09/06/2026;19:45;732.934
PT-77;09/06/2026;20:00;753.122
PT-77;09/06/2026;20:15;769.729
PT-77;09/06/2026;20:30;753.695
PT-77;09/06/2026;20:45;798.867
PT-77;09/06/2026;21:00;803.381
PT-77;09/06/2026;21:15;746.140
PT-77;09/06/2026;21:30;745.013
PT-77;09/06/2026;21:45;771.326
PT-77;09/06/2026;22:00;767.221
PT-77;09/06/2026;22:15;734.564
PT-77;09/06/2026;22:30;715.296
PT-77;09/06/2026;22:45;807.219
PT-77;09/06/2026;23:00;736.731
PT-77;09/06/2026;23:15;743.149
PT-77;09/06/2026;23:30;841.121
PT-77;09/06/2026;23:45;814.201
PT-77;10/06/2026;00:00;837.776
PT-77;10/06/2026;00:15;725.441
PT-77;10/06/2026;00:30;775.878
PT-77;10/06/2026;00:45;770.869
PT-77;10/06/2026;01:00;712.127
PT-77;10/06/2026;01:15;759.428
PT-77;10/06/2026;01:30;697.910
PT-77;10/06/2026;01:45;686.632
PT-77;10/06/2026;02:00;718.908
PT-77;10/06/2026;02:15;705.058
PT-77;10/06/2026;02:30;788.648
PT-77;10/06/2026;02:45;780.411
PT-77;10/06/2026;03:00;799.955
PT-77;10/06/2026;03:15;697.570
PT-77;10/06/2026;03:30;826.506
PT-77;10/06/2026;03:45;707.160
PT-77;10/06/2026;04:00;736.172
PT-77;10/06/2026;04:15;828.518
PT-77;10/06/2026;04:30;725.131
PT-77;10/06/2026;04:45;809.035
PT-77;10/06/2026;05:00;777.632
PT-77;10/06/2026;05:15;716.224
PT-77;10/06/2026;05:30;783.059
PT-77;10/06/2026;05:45;750.435
PT-77;10/06/2026;06:00;681.938
PT-77;10/06/2026;06:15;689.722
PT-77;10/06/2026;06:30;873.720
PT-77;10/06/2026;06:45;749.154
PT-77;10/06/2026;07:00;782.562
PT-77;10/06/2026;07:15;829.359
PT-77;10/06/2026;07:30;803.560
PT-77;10/06/2026;07:45;801.647
PT-77;10/06/2026;08:00;899.305
PT-77;10/06/2026;08:15;861.355
PT-77;10/06/2026;08:30;849.177
PT-77;10/06/2026;08:45;941.037
PT-77;10/06/2026;09:00;892.488
PT-77;10/06/2026;09:15;858.730
PT-77;10/06/2026;09:30;893.830
PT-77;10/06/2026;09:45;869.985
PT-77;10/06/2026;10:00;881.113
PT-77;10/06/2026;10:15;845.726
PT-77;10/06/2026;10:30;891.654
PT-77;10/06/2026;10:45;919.169
PT-77;10/06/2026;11:00;939.364
PT-77;10/06/2026;11:15;889.861
PT-77;10/06/2026;11:30;891.272
PT-77;10/06/2026;11:45;825.227
PT-77;10/06/2026;12:00;887.297
PT-77;10/06/2026;12:15;902.463
PT-77;10/06/2026;12:30;826.558
PT-77;10/06/2026;12:45;924.323
PT-77;10/06/2026;13:00;874.319
PT-77;10/06/2026;13:15;877.925
PT-77;10/06/2026;13:30;887.690
PT-77;10/06/2026;13:45;991.034
PT-77;10/06/2026;14:00;898.340
PT-77;10/06/2026;14:15;966.122
PT-77;10/06/2026;14:30;824.724
PT-77;10/06/2026;14:45;844.801
PT-77;10/06/2026;15:00;919.080
PT-77;10/06/2026;15:15;884.229
PT-77;10/06/2026;15:30;922.050
PT-77;10/06/2026;15:45;906.256
PT-77;10/06/2026;16:00;828.028
PT-77;10/06/2026;16:15;882.607
PT-77;10/06/2026;16:30;816.144
PT-77;10/06/2026;16:45;904.426
PT-77;10/06/2026;17:00;894.831
PT-77;10/06/2026;17:15;936.087
PT-77;10/06/2026;17:30;891.589
PT-77;10/06/2026;17:45;768.282
PT-77;10/06/2026;18:00;920.884
PT-77;10/06/2026;18:15;851.634
PT-77;10/06/2026;18:30;743.517
PT-77;10/06/2026;18:45;845.492
PT-77;10/06/2026;19:00;873.667
PT-77;10/06/2026;19:15;791.605
PT-77;10/06/2026;19:30;798.826
PT-77;10/06/2026;19:45;846.418
PT-77;10/06/2026;20:00;853.774
PT-77;10/06/2026;20:15;773.114
PT-77;10/06/2026;20:30;769.590
PT-77;10/06/2026;20:45;728.465
PT-77;10/06/2026;21:00;710.389
PT-77;10/06/2026;21:15;824.076
PT-77;10/06/2026;21:30;792.333
PT-77;10/06/2026;21:45;796.714
PT-77;10/06/2026;22:00;738.861
PT-77;10/06/2026;22:15;753.472
PT-77;10/06/2026;22:30;761.069
PT-77;10/06/2026;22:45;808.865
PT-77;10/06/2026;23:00;733.861
PT-77;10/06/2026;23:15;817.426
PT-77;10/06/2026;23:30;792.071
PT-77;10/06/2026;23:45;728.705
PT-77;11/06/2026;00:00;790.430
PT-77;11/06/2026;00:15;726.238
PT-77;11/06/2026;00:30;739.987
PT-77;11/06/2026;00:45;800.913
PT-77;11/06/2026;01:00;753.815
PT-77;11/06/2026;01:15;714.584
PT-77;11/06/2026;01:30;779.177
PT-77;11/06/2026;01:45;797.877
PT-77;11/06/2026;02:00;720.728
PT-77;11/06/2026;02:15;777.078
PT-77;11/06/2026;02:30;729.389
PT-77;11/06/2026;02:45;837.366
PT-77;11/06/2026;03:00;763.686
PT-77;11/06/2026;03:15;836.988
PT-77;11/06/2026;03:30;759.995
PT-77;11/06/2026;03:45;735.613
PT-77;11/06/2026;04:00;728.863
PT-77;11/06/2026;04:15;761.495
PT-77;11/06/2026;04:30;713.351
PT-77;11/06/2026;04:45;806.464
PT-77;11/06/2026;05:00;746.145
PT-77;11/06/2026;05:15;668.342
PT-77;11/06/2026;05:30;655.901
PT-77;11/06/2026;05:45;743.755
PT-77;11/06/2026;06:00;746.900
PT-77;11/06/2026;06:15;845.697
PT-77;11/06/2026;06:30;754.885
PT-77;11/06/2026;06:45;800.904
PT-77;11/06/2026;07:00;864.166
PT-77;11/06/2026;07:15;788.343
PT-77;11/06/2026;07:30;857.991
PT-77;11/06/2026;07:45;835.644
PT-77;11/06/2026;08:00;804.911
PT-77;11/06/2026;08:15;778.371
PT-77;11/06/2026;08:30;842.253
PT-77;11/06/2026;08:45;758.357
PT-77;11/06/2026;09:00;882.273
PT-77;11/06/2026;09:15;846.037
PT-77;11/06/2026;09:30;911.362
PT-77;11/06/2026;09:45;816.080
PT-77;11/06/2026;10:00;799.746
PT-77;11/06/2026;10:15;854.435
PT-77;11/06/2026;10:30;921.730
PT-77;11/06/2026;10:45;894.799
PT-77;11/06/2026;11:00;851.649
PT-77;11/06/2026;11:15;904.530
PT-77;11/06/2026;11:30;863.463
PT-77;11/06/2026;11:45;892.150
PT-77;11/06/2026;12:00;900.090
PT-77;11/06/2026;12:15;937.043
PT-77;11/06/2026;12:30;900.315
PT-77;11/06/2026;12:45;924.490
PT-77;11/06/2026;13:00;873.429
PT-77;11/06/2026;13:15;987.672
PT-77;11/06/2026;13:30;919.465
PT-77;11/06/2026;13:45;936.545
PT-77;11/06/2026;14:00;893.662
PT-77;11/06/2026;14:15;780.824
PT-77;11/06/2026;14:30;917.852
PT-77;11/06/2026;14:45;811.987
PT-77;11/06/2026;15:00;889.164
PT-77;11/06/2026;15:15;950.237
PT-77;11/06/2026;15:30;895.613
PT-77;11/06/2026;15:45;868.000
PT-77;11/06/2026;16:00;937.445
PT-77;11/06/2026;16:15;826.934
PT-77;11/06/2026;16:30;826.998
PT-77;11/06/2026;16:45;856.930
PT-77;11/06/2026;17:00;907.043
PT-77;11/06/2026;17:15;888.384
PT-77;11/06/2026;17:30;951.758
PT-77;11/06/2026;17:45;831.946
PT-77;11/06/2026;18:00;811.955
PT-77;11/06/2026;18:15;909.897
PT-77;11/06/2026;18:30;784.652
PT-77;11/06/2026;18:45;872.251
PT-77;11/06/2026;19:00;880.033
PT-77;11/06/2026;19:15;839.535
PT-77;11/06/2026;19:30;796.885
PT-77;11/06/2026;19:45;706.918
PT-77;11/06/2026;20:00;820.738
PT-77;11/06/2026;20:15;749.257
PT-77;11/06/2026;20:30;686.828
PT-77;11/06/2026;20:45;803.338
PT-77;11/06/2026;21:00;705.667
PT-77;11/06/2026;21:15;826.058
PT-77;11/06/2026;21:30;749.789
PT-77;11/06/2026;21:45;801.466
PT-77;11/06/2026;22:00;714.387
PT-77;11/06/2026;22:15;812.980
PT-77;11/06/2026;22:30;770.381
PT-77;11/06/2026;22:45;796.574
PT-77;11/06/2026;23:00;782.359
PT-77;11/06/2026;23:15;823.354
PT-77;11/06/2026;23:30;727.721
PT-77;11/06/2026;23:45;836.093
PT-77;12/06/2026;00:00;716.711
PT-77;12/06/2026;00:15;838.710
PT-77;12/06/2026;00:30;714.559
PT-77;12/06/2026;00:45;775.860
PT-77;12/06/2026;01:00;818.538
PT-77;12/06/2026;01:15;935.798
PT-77;12/06/2026;01:30;838.466
PT-77;12/06/2026;01:45;788.308
PT-77;12/06/2026;02:00;828.084
PT-77;12/06/2026;02:15;707.115
PT-77;12/06/2026;02:30;803.968
PT-77;12/06/2026;02:45;792.953
PT-77;12/06/2026;03:00;775.392
PT-77;12/06/2026;03:15;666.504
PT-77;12/06/2026;03:30;695.085
PT-77;12/06/2026;03:45;781.462
PT-77;12/06/2026;04:00;838.188
PT-77;12/06/2026;04:15;800.643
PT-77;12/06/2026;04:30;833.424
PT-77;12/06/2026;04:45;747.624
PT-77;12/06/2026;05:00;749.946
PT-77;12/06/2026;05:15;853.955
PT-77;12/06/2026;05:30;793.406
PT-77;12/06/2026;05:45;696.664
PT-77;12/06/2026;06:00;689.150
PT-77;12/06/2026;06:15;794.745
PT-77;12/06/2026;06:30;786.510
PT-77;12/06/2026;06:45;819.349
PT-77;12/06/2026;07:00;787.784
PT-77;12/06/2026;07:15;831.542
PT-77;12/06/2026;07:30;786.381
PT-77;12/06/2026;07:45;838.586
PT-77;12/06/2026;08:00;873.314
PT-77;12/06/2026;08:15;827.443
PT-77;12/06/2026;08:30;837.663
PT-77;12/06/2026;08:45;856.538
PT-77;12/06/2026;09:00;813.944
PT-77;12/06/2026;09:15;925.782
PT-77;12/06/2026;09:30;848.087
PT-77;12/06/2026;09:45;919.140
PT-77;12/06/2026;10:00;829.654
PT-77;12/06/2026;10:15;952.424
PT-77;12/06/2026;10:30;841.515
PT-77;12/06/2026;10:45;837.746
PT-77;12/06/2026;11:00;973.047
PT-77;12/06/2026;11:15;865.419
PT-77;12/06/2026;11:30;945.187
PT-77;12/06/2026;11:45;815.034
PT-77;12/06/2026;12:00;944.308
PT-77;12/06/2026;12:15;869.573
PT-77;12/06/2026;12:30;883.277
PT-77;12/06/2026;12:45;895.761
PT-77;12/06/2026;13:00;874.636
PT-77;12/06/2026;13:15;1015.484
PT-77;12/06/2026;13:30;989.232
PT-77;12/06/2026;13:45;978.154
PT-77;12/06/2026;14:00;968.251
PT-77;12/06/2026;14:15;864.475
PT-77;12/06/2026;14:30;826.238
PT-77;12/06/2026;14:45;902.776
PT-77;12/06/2026;15:00;912.676
PT-77;12/06/2026;15:15;931.044
PT-77;12/06/2026;15:30;824.409
PT-77;12/06/2026;15:45;913.366
PT-77;12/06/2026;16:00;956.391
PT-77;12/06/2026;16:15;908.848
PT-77;12/06/2026;16:30;842.517
PT-77;12/06/2026;16:45;880.189
PT-77;12/06/2026;17:00;848.742
PT-77;12/06/2026;17:15;823.282
PT-77;12/06/2026;17:30;820.488
PT-77;12/06/2026;17:45;902.118
PT-77;12/06/2026;18:00;820.964
PT-77;12/06/2026;18:15;757.573
PT-77;12/06/2026;18:30;840.583
PT-77;12/06/2026;18:45;826.666
PT-77;12/06/2026;19:00;851.295
PT-77;12/06/2026;19:15;768.944
PT-77;12/06/2026;19:30;744.014
PT-77;12/06/2026;19:45;797.930
PT-77;12/06/2026;20:00;853.086
PT-77;12/06/2026;20:15;821.004
PT-77;12/06/2026;20:30;722.076
PT-77;12/06/2026;20:45;713.846
PT-77;12/06/2026;21:00;725.099
PT-77;12/06/2026;21:15;843.600
PT-77;12/06/2026;21:30;787.720
PT-77;12/06/2026;21:45;691.977
PT-77;12/06/2026;22:00;830.129
PT-77;12/06/2026;22:15;755.888
PT-77;12/06/2026;22:30;728.158
PT-77;12/06/2026;22:45;842.491
PT-77;12/06/2026;23:00;834.723
PT-77;12/06/2026;23:15;840.370
PT-77;12/06/2026;23:30;735.782
PT-77;12/06/2026;23:45;845.389
PT-77;13/06/2026;00:00;719.394
PT-77;13/06/2026;00:15;838.792
PT-77;13/06/2026;00:30;668.391
PT-77;13/06/2026;00:45;784.042
PT-77;13/06/2026;01:00;722.611
PT-77;13/06/2026;01:15;675.091
PT-77;13/06/2026;01:30;727.433
PT-77;13/06/2026;01:45;675.918
PT-77;13/06/2026;02:00;684.590
PT-77;13/06/2026;02:15;740.805
PT-77;13/06/2026;02:30;737.051
PT-77;13/06/2026;02:45;785.439
PT-77;13/06/2026;03:00;690.510
PT-77;13/06/2026;03:15;682.850
PT-77;13/06/2026;03:30;777.477
PT-77;13/06/2026;03:45;703.721
PT-77;13/06/2026;04:00;731.835
PT-77;13/06/2026;04:15;676.420
PT-77;13/06/2026;04:30;814.752
PT-77;13/06/2026;04:45;753.563
PT-77;13/06/2026;05:00;737.654
PT-77;13/06/2026;05:15;755.508
PT-77;13/06/2026;05:30;789.008
PT-77;13/06/2026;05:45;707.710
PT-77;13/06/2026;06:00;740.960
PT-77;13/06/2026;06:15;765.877
PT-77;13/06/2026;06:30;722.973
PT-77;13/06/2026;06:45;759.912
PT-77;13/06/2026;07:00;802.150
PT-77;13/06/2026;07:15;793.485
PT-77;13/06/2026;07:30;810.360
PT-77;13/06/2026;07:45;810.981
PT-77;13/06/2026;08:00;701.044
PT-77;13/06/2026;08:15;815.146
PT-77;13/06/2026;08:30;819.281
PT-77;13/06/2026;08:45;872.969
PT-77;13/06/2026;09:00;839.033
PT-77;13/06/2026;09:15;851.222
PT-77;13/06/2026;09:30;842.527
PT-77;13/06/2026;09:45;800.385
PT-77;13/06/2026;10:00;791.912
PT-77;13/06/2026;10:15;857.164
PT-77;13/06/2026;10:30;866.804
PT-77;13/06/2026;10:45;803.571
PT-77;13/06/2026;11:00;896.053
PT-77;13/06/2026;11:15;966.119
PT-77;13/06/2026;11:30;855.912
PT-77;13/06/2026;11:45;837.002
PT-77;13/06/2026;12:00;789.574
PT-77;13/06/2026;12:15;880.488
PT-77;13/06/2026;12:30;817.669
PT-77;13/06/2026;12:45;845.246
PT-77;13/06/2026;13:00;883.900
PT-77;13/06/2026;13:15;880.445
PT-77;13/06/2026;13:30;952.153
PT-77;13/06/2026;13:45;832.153
PT-77;13/06/2026;14:00;853.931
PT-77;13/06/2026;14:15;872.443
PT-77;13/06/2026;14:30;799.712
PT-77;13/06/2026;14:45;914.840
PT-77;13/06/2026;15:00;846.211
PT-77;13/06/2026;15:15;881.154
PT-77;13/06/2026;15:30;875.041
PT-77;13/06/2026;15:45;745.816
PT-77;13/06/2026;16:00;780.849
PT-77;13/06/2026;16:15;906.122
PT-77;13/06/2026;16:30;845.261
PT-77;13/06/2026;16:45;752.626
PT-77;13/06/2026;17:00;802.328
PT-77;13/06/2026;17:15;760.115
PT-77;13/06/2026;17:30;772.987
PT-77;13/06/2026;17:45;874.173
PT-77;13/06/2026;18:00;762.886
PT-77;13/06/2026;18:15;669.851
PT-77;13/06/2026;18:30;757.833
PT-77;13/06/2026;18:45;769.476
PT-77;13/06/2026;19:00;765.707
PT-77;13/06/2026;19:15;741.511
PT-77;13/06/2026;19:30;725.871
PT-77;13/06/2026;19:45;703.414
PT-77;13/06/2026;20:00;751.941
PT-77;13/06/2026;20:15;708.744
PT-77;13/06/2026;20:30;745.205
PT-77;13/06/2026;20:45;766.196
PT-77;13/06/2026;21:00;696.049
PT-77;13/06/2026;21:15;757.549
PT-77;13/06/2026;21:30;700.426
PT-77;13/06/2026;21:45;784.832
PT-77;13/06/2026;22:00;704.569
PT-77;13/06/2026;22:15;720.701
PT-77;13/06/2026;22:30;709.337
PT-77;13/06/2026;22:45;709.146
PT-77;13/06/2026;23:00;750.259
PT-77;13/06/2026;23:15;641.319
PT-77;13/06/2026;23:30;693.886
PT-77;13/06/2026;23:45;806.236
PT-77;14/06/2026;00:00;830.998
PT-77;14/06/2026;00:15;758.148
PT-77;14/06/2026;00:30;748.278
PT-77;14/06/2026;00:45;689.865
PT-77;14/06/2026;01:00;715.356
PT-77;14/06/2026;01:15;817.170
PT-77;14/06/2026;01:30;649.570
PT-77;14/06/2026;01:45;721.039
PT-77;14/06/2026;02:00;729.068
PT-77;14/06/2026;02:15;693.935
PT-77;14/06/2026;02:30;719.897
PT-77;14/06/2026;02:45;662.506
PT-77;14/06/2026;03:00;714.499
PT-77;14/06/2026;03:15;716.523
PT-77;14/06/2026;03:30;753.217
PT-77;14/06/2026;03:45;776.169
PT-77;14/06/2026;04:00;716.965
PT-77;14/06/2026;04:15;836.398
PT-77;14/06/2026;04:30;761.222
PT-77;14/06/2026;04:45;829.334
PT-77;14/06/2026;05:00;759.104
PT-77;14/06/2026;05:15;651.580
PT-77;14/06/2026;05:30;706.127
PT-77;14/06/2026;05:45;802.359
PT-77;14/06/2026;06:00;775.656
PT-77;14/06/2026;06:15;714.397
PT-77;14/06/2026;06:30;732.385
PT-77;14/06/2026;06:45;802.513
PT-77;14/06/2026;07:00;800.023
PT-77;14/06/2026;07:15;783.108
PT-77;14/06/2026;07:30;851.249
PT-77;14/06/2026;07:45;764.476
PT-77;14/06/2026;08:00;822.039
PT-77;14/06/2026;08:15;788.749
PT-77;14/06/2026;08:30;814.386
PT-77;14/06/2026;08:45;801.882
PT-77;14/06/2026;09:00;868.027
PT-77;14/06/2026;09:15;780.534
PT-77;14/06/2026;09:30;875.582
PT-77;14/06/2026;09:45;778.045
PT-77;14/06/2026;10:00;833.045
PT-77;14/06/2026;10:15;722.252
PT-77;14/06/2026;10:30;847.767
PT-77;14/06/2026;10:45;833.141
PT-77;14/06/2026;11:00;893.025
PT-77;14/06/2026;11:15;888.387
PT-77;14/06/2026;11:30;906.893
PT-77;14/06/2026;11:45;872.998
PT-77;14/06/2026;12:00;866.533
PT-77;14/06/2026;12:15;789.907
PT-77;14/06/2026;12:30;863.700
PT-77;14/06/2026;12:45;858.208
PT-77;14/06/2026;13:00;814.145
PT-77;14/06/2026;13:15;814.961
PT-77;14/06/2026;13:30;836.976
PT-77;14/06/2026;13:45;869.900
PT-77;14/06/2026;14:00;820.962
PT-77;14/06/2026;14:15;873.695
PT-77;14/06/2026;14:30;891.960
PT-77;14/06/2026;14:45;955.548
PT-77;14/06/2026;15:00;929.700
PT-77;14/06/2026;15:15;856.719
PT-77;14/06/2026;15:30;868.026
PT-77;14/06/2026;15:45;921.249
PT-77;14/06/2026;16:00;788.841
PT-77;14/06/2026;16:15;765.007
PT-77;14/06/2026;16:30;855.683
PT-77;14/06/2026;16:45;752.029
PT-77;14/06/2026;17:00;875.424
PT-77;14/06/2026;17:15;794.020
PT-77;14/06/2026;17:30;709.489
PT-77;14/06/2026;17:45;681.756
PT-77;14/06/2026;18:00;784.870
PT-77;14/06/2026;18:15;709.925
PT-77;14/06/2026;18:30;819.206
PT-77;14/06/2026;18:45;750.609
PT-77;14/06/2026;19:00;843.237
PT-77;14/06/2026;19:15;796.779
PT-77;14/06/2026;19:30;791.267
PT-77;14/06/2026;19:45;677.967
PT-77;14/06/2026;20:00;747.735
PT-77;14/06/2026;20:15;729.757
PT-77;14/06/2026;20:30;789.215
PT-77;14/06/2026;20:45;674.328
PT-77;14/06/2026;21:00;694.968
PT-77;14/06/2026;21:15;783.433
PT-77;14/06/2026;21:30;690.548
PT-77;14/06/2026;21:45;779.299
PT-77;14/06/2026;22:00;789.739
PT-77;14/06/2026;22:15;696.498
PT-77;14/06/2026;22:30;764.452
PT-77;14/06/2026;22:45;691.320
PT-77;14/06/2026;23:00;764.222
PT-77;14/06/2026;23:15;685.011
PT-77;14/06/2026;23:30;768.755
PT-77;14/06/2026;23:45;725.081
PT-77;15/06/2026;00:00;849.249
PT-77;15/06/2026;00:15;803.872
PT-77;15/06/2026;00:30;817.179
PT-77;15/06/2026;00:45;735.052
PT-77;15/06/2026;01:00;785.295
PT-77;15/06/2026;01:15;755.168
PT-77;15/06/2026;01:30;786.551
PT-77;15/06/2026;01:45;680.884
PT-77;15/06/2026;02:00;749.380
PT-77;15/06/2026;02:15;788.783
PT-77;15/06/2026;02:30;684.877
PT-77;15/06/2026;02:45;670.830
PT-77;15/06/2026;03:00;784.811
PT-77;15/06/2026;03:15;670.322
PT-77;15/06/2026;03:30;815.144
PT-77;15/06/2026;03:45;849.924
PT-77;15/06/2026;04:00;722.189
PT-77;15/06/2026;04:15;752.212
PT-77;15/06/2026;04:30;845.095
PT-77;15/06/2026;04:45;760.303
PT-77;15/06/2026;05:00;732.053
PT-77;15/06/2026;05:15;825.228
PT-77;15/06/2026;05:30;836.378
PT-77;15/06/2026;05:45;754.625
PT-77;15/06/2026;06:00;681.346
PT-77;15/06/2026;06:15;751.532
PT-77;15/06/2026;06:30;822.410
PT-77;15/06/2026;06:45;816.636
PT-77;15/06/2026;07:00;845.273
PT-77;15/06/2026;07:15;851.611
PT-77;15/06/2026;07:30;764.435
PT-77;15/06/2026;07:45;812.605
PT-77;15/06/2026;08:00;878.944
PT-77;15/06/2026;08:15;837.862
PT-77;15/06/2026;08:30;781.818
PT-77;15/06/2026;08:45;811.364
PT-77;15/06/2026;09:00;889.554
PT-77;15/06/2026;09:15;809.221
PT-77;15/06/2026;09:30;931.400
PT-77;15/06/2026;09:45;852.651
PT-77;15/06/2026;10:00;887.171
PT-77;15/06/2026;10:15;794.376
PT-77;15/06/2026;10:30;947.128
PT-77;15/06/2026;10:45;838.761
PT-77;15/06/2026;11:00;889.243
PT-77;15/06/2026;11:15;945.931
PT-77;15/06/2026;11:30;922.649
PT-77;15/06/2026;11:45;883.382
PT-77;15/06/2026;12:00;918.622
PT-77;15/06/2026;12:15;861.735
PT-77;15/06/2026;12:30;947.227
PT-77;15/06/2026;12:45;961.239
PT-77;15/06/2026;13:00;905.525
PT-77;15/06/2026;13:15;922.920
PT-77;15/06/2026;13:30;1000.666
PT-77;15/06/2026;13:45;973.734
PT-77;15/06/2026;14:00;902.393
PT-77;15/06/2026;14:15;868.186
PT-77;15/06/2026;14:30;843.717
PT-77;15/06/2026;14:45;934.630
PT-77;15/06/2026;15:00;929.773
PT-77;15/06/2026;15:15;1003.295
PT-77;15/06/2026;15:30;952.456
PT-77;15/06/2026;15:45;859.729
PT-77;15/06/2026;16:00;902.183
PT-77;15/06/2026;16:15;879.510
PT-77;15/06/2026;16:30;884.236
PT-77;15/06/2026;16:45;796.887
PT-77;15/06/2026;17:00;878.763
PT-77;15/06/2026;17:15;769.566
PT-77;15/06/2026;17:30;878.006
PT-77;15/06/2026;17:45;763.966
PT-77;15/06/2026;18:00;831.834
PT-77;15/06/2026;18:15;793.586
PT-77;15/06/2026;18:30;826.027
PT-77;15/06/2026;18:45;735.883
PT-77;15/06/2026;19:00;733.481
PT-77;15/06/2026;19:15;794.332
PT-77;15/06/2026;19:30;691.065
PT-77;15/06/2026;19:45;759.146
PT-77;15/06/2026;20:00;698.489
PT-77;15/06/2026;20:15;794.505
PT-77;15/06/2026;20:30;716.676
PT-77;15/06/2026;20:45;777.384
PT-77;15/06/2026;21:00;810.435
PT-77;15/06/2026;21:15;738.316
PT-77;15/06/2026;21:30;817.230
PT-77;15/06/2026;21:45;823.160
PT-77;15/06/2026;22:00;697.567
PT-77;15/06/2026;22:15;772.567
PT-77;15/06/2026;22:30;835.002
PT-77;15/06/2026;22:45;727.698
PT-77;15/06/2026;23:00;781.534
PT-77;15/06/2026;23:15;846.346
PT-77;15/06/2026;23:30;697.337
PT-77;15/06/2026;23:45;799.942
PT-77;16/06/2026;00:00;768.460
PT-77;16/06/2026;00:15;852.298
PT-77;16/06/2026;00:30;777.449
PT-77;16/06/2026;00:45;769.016
PT-77;16/06/2026;01:00;705.507
PT-77;16/06/2026;01:15;810.841
PT-77;16/06/2026;01:30;740.225
PT-77;16/06/2026;01:45;756.859
PT-77;16/06/2026;02:00;835.360
PT-77;16/06/2026;02:15;818.130
PT-77;16/06/2026;02:30;801.623
PT-77;16/06/2026;02:45;869.784
PT-77;16/06/2026;03:00;733.013
PT-77;16/06/2026;03:15;858.288
PT-77;16/06/2026;03:30;716.458
PT-77;16/06/2026;03:45;828.665
PT-77;16/06/2026;04:00;839.044
PT-77;16/06/2026;04:15;758.520
PT-77;16/06/2026;04:30;824.500
PT-77;16/06/2026;04:45;739.153
PT-77;16/06/2026;05:00;777.350
PT-77;16/06/2026;05:15;739.149
PT-77;16/06/2026;05:30;779.783
PT-77;16/06/2026;05:45;735.443
PT-77;16/06/2026;06:00;895.270
PT-77;16/06/2026;06:15;807.376
PT-77;16/06/2026;06:30;792.730
PT-77;16/06/2026;06:45;744.747
PT-77;16/06/2026;07:00;792.726
PT-77;16/06/2026;07:15;761.064
PT-77;16/06/2026;07:30;907.638
PT-77;16/06/2026;07:45;856.567
PT-77;16/06/2026;08:00;889.317
PT-77;16/06/2026;08:15;813.188
PT-77;16/06/2026;08:30;915.370
PT-77;16/06/2026;08:45;781.357
PT-77;16/06/2026;09:00;912.318
PT-77;16/06/2026;09:15;805.290
PT-77;16/06/2026;09:30;916.378
PT-77;16/06/2026;09:45;869.406
PT-77;16/06/2026;10:00;889.479
PT-77;16/06/2026;10:15;830.437
PT-77;16/06/2026;10:30;851.103
PT-77;16/06/2026;10:45;796.686
PT-77;16/06/2026;11:00;950.255
PT-77;16/06/2026;11:15;918.899
PT-77;16/06/2026;11:30;957.765
PT-77;16/06/2026;11:45;934.227
PT-77;16/06/2026;12:00;875.334
PT-77;16/06/2026;12:15;812.836
PT-77;16/06/2026;12:30;1030.409
PT-77;16/06/2026;12:45;903.456
PT-77;16/06/2026;13:00;801.854
PT-77;16/06/2026;13:15;898.949
PT-77;16/06/2026;13:30;854.065
PT-77;16/06/2026;13:45;988.678
PT-77;16/06/2026;14:00;954.596
PT-77;16/06/2026;14:15;859.941
PT-77;16/06/2026;14:30;810.112
PT-77;16/06/2026;14:45;913.254
PT-77;16/06/2026;15:00;928.074
PT-77;16/06/2026;15:15;819.965
PT-77;16/06/2026;15:30;977.460
PT-77;16/06/2026;15:45;923.273
PT-77;16/06/2026;16:00;907.645
PT-77;16/06/2026;16:15;938.914
PT-77;16/06/2026;16:30;811.297
PT-77;16/06/2026;16:45;917.407
PT-77;16/06/2026;17:00;835.623
PT-77;16/06/2026;17:15;913.129
PT-77;16/06/2026;17:30;927.633
PT-77;16/06/2026;17:45;857.106
PT-77;16/06/2026;18:00;879.581
PT-77;16/06/2026;18:15;789.727
PT-77;16/06/2026;18:30;811.143
PT-77;16/06/2026;18:45;817.236
PT-77;16/06/2026;19:00;897.236
PT-77;16/06/2026;19:15;795.064
PT-77;16/06/2026;19:30;760.869
PT-77;16/06/2026;19:45;803.389
PT-77;16/06/2026;20:00;838.046
PT-77;16/06/2026;20:15;761.058
PT-77;16/06/2026;20:30;790.691
PT-77;16/06/2026;20:45;710.262
PT-77;16/06/2026;21:00;721.990
PT-77;16/06/2026;21:15;767.130
PT-77;16/06/2026;21:30;768.277
PT-77;16/06/2026;21:45;833.219
PT-77;16/06/2026;22:00;837.522
PT-77;16/06/2026;22:15;716.470
PT-77;16/06/2026;22:30;736.521
PT-77;16/06/2026;22:45;793.101
PT-77;16/06/2026;23:00;741.751
PT-77;16/06/2026;23:15;805.779
PT-77;16/06/2026;23:30;792.182
PT-77;16/06/2026;23:45;786.786
PT-77;17/06/2026;00:00;832.639
PT-77;17/06/2026;00:15;730.138
PT-77;17/06/2026;00:30;768.987
PT-77;17/06/2026;00:45;869.924
PT-77;17/06/2026;01:00;685.204
PT-77;17/06/2026;01:15;764.702
PT-77;17/06/2026;01:30;807.713
PT-77;17/06/2026;01:45;719.778
PT-77;17/06/2026;02:00;749.037
PT-77;17/06/2026;02:15;809.111
PT-77;17/06/2026;02:30;774.431
PT-77;17/06/2026;02:45;789.258
PT-77;17/06/2026;03:00;709.087
PT-77;17/06/2026;03:15;831.665
PT-77;17/06/2026;03:30;793.799
PT-77;17/06/2026;03:45;834.808
PT-77;17/06/2026;04:00;721.317
PT-77;17/06/2026;04:15;699.142
PT-77;17/06/2026;04:30;733.270
PT-77;17/06/2026;04:45;770.654
PT-77;17/06/2026;05:00;696.441
PT-77;17/06/2026;05:15;809.181
PT-77;17/06/2026;05:30;777.544
PT-77;17/06/2026;05:45;815.402
PT-77;17/06/2026;06:00;804.229
PT-77;17/06/2026;06:15;718.773
PT-77;17/06/2026;06:30;773.657
PT-77;17/06/2026;06:45;781.509
PT-77;17/06/2026;07:00;797.551
PT-77;17/06/2026;07:15;743.461
PT-77;17/06/2026;07:30;824.711
PT-77;17/06/2026;07:45;767.928
PT-77;17/06/2026;08:00;907.862
PT-77;17/06/2026;08:15;786.444
PT-77;17/06/2026;08:30;809.340
PT-77;17/06/2026;08:45;884.479
PT-77;17/06/2026;09:00;873.325
PT-77;17/06/2026;09:15;916.683
PT-77;17/06/2026;09:30;916.027
PT-77;17/06/2026;09:45;855.622
PT-77;17/06/2026;10:00;914.509
PT-77;17/06/2026;10:15;890.639
PT-77;17/06/2026;10:30;905.655
PT-77;17/06/2026;10:45;908.706
PT-77;17/06/2026;11:00;950.270
PT-77;17/06/2026;11:15;880.566
PT-77;17/06/2026;11:30;849.174
PT-77;17/06/2026;11:45;942.568
PT-77;17/06/2026;12:00;888.530
PT-77;17/06/2026;12:15;836.969
PT-77;17/06/2026;12:30;820.614
PT-77;17/06/2026;12:45;923.646
PT-77;17/06/2026;13:00;845.391
PT-77;17/06/2026;13:15;909.998
PT-77;17/06/2026;14:00;936.787
PT-77;17/06/2026;14:15;839.700
PT-77;17/06/2026;14:30;915.114
PT-77;17/06/2026;14:45;923.086
PT-77;17/06/2026;15:00;897.664
PT-77;17/06/2026;15:15;883.907
PT-77;17/06/2026;15:30;823.553
PT-77;17/06/2026;15:45;860.339
PT-77;17/06/2026;16:00;872.221
PT-77;17/06/2026;16:15;849.448
PT-77;17/06/2026;16:30;961.771
PT-77;17/06/2026;16:45;827.304
PT-77;17/06/2026;17:00;878.912
PT-77;17/06/2026;17:15;836.280
PT-77;17/06/2026;17:30;789.322
PT-77;17/06/2026;17:45;832.566
PT-77;17/06/2026;18:00;876.911
PT-77;17/06/2026;18:15;885.759
PT-77;17/06/2026;18:30;885.698
PT-77;17/06/2026;18:45;816.629
PT-77;17/06/2026;19:00;768.830
PT-77;17/06/2026;19:15;814.085
PT-77;17/06/2026;19:30;742.359
PT-77;17/06/2026;19:45;844.038
PT-77;17/06/2026;20:00;783.341
PT-77;17/06/2026;20:15;767.495
PT-77;17/06/2026;20:30;753.093
PT-77;17/06/2026;20:45;769.822
PT-77;17/06/2026;21:00;737.375
PT-77;17/06/2026;21:15;855.527
PT-77;17/06/2026;21:30;787.774
PT-77;17/06/2026;21:45;785.702
PT-77;17/06/2026;22:00;829.055
PT-77;17/06/2026;22:15;783.290
PT-77;17/06/2026;22:30;682.613
PT-77;17/06/2026;22:45;718.676
PT-77;17/06/2026;23:00;797.681
PT-77;17/06/2026;23:15;882.977
PT-77;17/06/2026;23:30;775.406
PT-77;17/06/2026;23:45;853.092
PT-77;18/06/2026;00:00;749.389
PT-77;18/06/2026;00:15;789.734
PT-77;18/06/2026;00:30;742.929
PT-77;18/06/2026;00:45;801.359
PT-77;18/06/2026;01:00;810.184
PT-77;18/06/2026;01:15;793.167
PT-77;18/06/2026;01:30;736.412
PT-77;18/06/2026;01:45;701.581
PT-77;18/06/2026;02:00;722.039
PT-77;18/06/2026;02:15;733.763
PT-77;18/06/2026;02:30;754.982
PT-77;18/06/2026;02:45;820.242
PT-77;18/06/2026;03:00;789.816
PT-77;18/06/2026;03:15;862.568
PT-77;18/06/2026;03:30;784.391
PT-77;18/06/2026;03:45;745.611
PT-77;18/06/2026;04:00;677.202
PT-77;18/06/2026;04:15;776.818
PT-77;18/06/2026;04:30;750.340
PT-77;18/06/2026;04:45;757.248
PT-77;18/06/2026;05:00;773.644
PT-77;18/06/2026;05:15;710.801
PT-77;18/06/2026;05:30;714.056
PT-77;18/06/2026;05:45;788.304
PT-77;18/06/2026;06:00;779.643
PT-77;18/06/2026;06:15;735.075
PT-77;18/06/2026;06:30;774.942
PT-77;18/06/2026;06:45;893.720
PT-77;18/06/2026;07:00;832.568
PT-77;18/06/2026;07:15;740.244
PT-77;18/06/2026;07:30;810.866
PT-77;18/06/2026;07:45;734.580
PT-77;18/06/2026;08:00;742.775
PT-77;18/06/2026;08:15;792.904
PT-77;18/06/2026;08:30;908.612
PT-77;18/06/2026;08:45;825.569
PT-77;18/06/2026;09:00;746.702
PT-77;18/06/2026;09:15;871.003
PT-77;18/06/2026;09:30;824.386
PT-77;18/06/2026;09:45;926.806
PT-77;18/06/2026;10:00;805.550
PT-77;18/06/2026;10:15;889.356
PT-77;18/06/2026;10:30;784.294
PT-77;18/06/2026;10:45;857.532
PT-77;18/06/2026;11:00;994.357
PT-77;18/06/2026;11:15;864.967
PT-77;18/06/2026;11:30;886.800
PT-77;18/06/2026;11:45;898.724
PT-77;18/06/2026;12:00;971.617
PT-77;18/06/2026;12:15;852.450
PT-77;18/06/2026;12:30;977.539
PT-77;18/06/2026;12:45;900.022
PT-77;18/06/2026;13:00;878.391
PT-77;18/06/2026;13:15;766.617
PT-77;18/06/2026;13:30;886.267
PT-77;18/06/2026;13:45;981.363
PT-77;18/06/2026;14:00;880.252
PT-77;18/06/2026;14:15;958.289
PT-77;18/06/2026;14:30;872.761
PT-77;18/06/2026;14:45;915.750
PT-77;18/06/2026;15:00;805.711
PT-77;18/06/2026;15:15;873.091
PT-77;18/06/2026;15:30;913.522
PT-77;18/06/2026;15:45;808.249
PT-77;18/06/2026;16:00;856.375
PT-77;18/06/2026;16:15;851.236
PT-77;18/06/2026;16:30;819.479
PT-77;18/06/2026;16:45;837.884
PT-77;18/06/2026;17:00;757.092
PT-77;18/06/2026;17:15;872.958
PT-77;18/06/2026;17:30;870.246
PT-77;18/06/2026;17:45;873.346
PT-77;18/06/2026;18:00;776.767
PT-77;18/06/2026;18:15;801.946
PT-77;18/06/2026;18:30;918.680
PT-77;18/06/2026;18:45;784.672
PT-77;18/06/2026;19:00;858.889
PT-77;18/06/2026;19:15;815.177
PT-77;18/06/2026;19:30;811.582
PT-77;18/06/2026;19:45;837.672
PT-77;18/06/2026;20:00;719.182
PT-77;18/06/2026;20:15;817.459
PT-77;18/06/2026;20:30;803.197
PT-77;18/06/2026;20:45;767.554
PT-77;18/06/2026;21:00;799.080
PT-77;18/06/2026;21:15;739.042
PT-77;18/06/2026;21:30;842.671
PT-77;18/06/2026;21:45;729.239
PT-77;18/06/2026;22:00;814.338
PT-77;18/06/2026;22:15;751.765
PT-77;18/06/2026;22:30;850.631
PT-77;18/06/2026;22:45;740.612
PT-77;18/06/2026;23:00;823.370
PT-77;18/06/2026;23:15;726.472
PT-77;18/06/2026;23:30;734.721
PT-77;18/06/2026;23:45;731.441
PT-77;19/06/2026;00:00;764.864
PT-77;19/06/2026;00:15;674.858
PT-77;19/06/2026;00:30;718.977
PT-77;19/06/2026;00:45;788.626
PT-77;19/06/2026;01:00;748.758
PT-77;19/06/2026;01:15;767.724
PT-77;19/06/2026;01:30;799.467
PT-77;19/06/2026;01:45;728.916
PT-77;19/06/2026;02:00;788.010
PT-77;19/06/2026;02:15;861.987
PT-77;19/06/2026;02:30;751.539
PT-77;19/06/2026;02:45;817.434
PT-77;19/06/2026;03:00;825.902
PT-77;19/06/2026;03:15;818.568
PT-77;19/06/2026;03:30;757.016
PT-77;19/06/2026;03:45;769.388
PT-77;19/06/2026;04:00;733.935
PT-77;19/06/2026;04:15;800.919
PT-77;19/06/2026;04:30;795.649
PT-77;19/06/2026;04:45;815.705
PT-77;19/06/2026;05:00;732.406
PT-77;19/06/2026;05:15;671.778
PT-77;19/06/2026;05:30;822.528
PT-77;19/06/2026;05:45;722.889
PT-77;19/06/2026;06:00;733.223
PT-77;19/06/2026;06:15;755.480
PT-77;19/06/2026;06:30;771.800
PT-77;19/06/2026;06:45;773.852
PT-77;19/06/2026;07:00;784.584
PT-77;19/06/2026;07:15;886.459
PT-77;19/06/2026;07:30;851.313
PT-77;19/06/2026;07:45;853.259
PT-77;19/06/2026;08:00;841.050
PT-77;19/06/2026;08:15;809.943
PT-77;19/06/2026;08:30;907.800
PT-77;19/06/2026;08:45;857.809
PT-77;19/06/2026;09:00;918.070
PT-77;19/06/2026;09:15;854.236
PT-77;19/06/2026;09:30;949.555
PT-77;19/06/2026;09:45;839.933
PT-77;19/06/2026;10:00;936.810
PT-77;19/06/2026;10:15;831.524
PT-77;19/06/2026;10:30;841.155
PT-77;19/06/2026;10:45;849.165
PT-77;19/06/2026;11:00;896.591
PT-77;19/06/2026;11:15;863.736
PT-77;19/06/2026;11:30;885.750
PT-77;19/06/2026;11:45;941.111
PT-77;19/06/2026;12:00;905.698
PT-77;19/06/2026;12:15;944.645
PT-77;19/06/2026;12:30;899.934
PT-77;19/06/2026;12:45;861.325
PT-77;19/06/2026;13:00;912.674
PT-77;19/06/2026;13:15;887.915
PT-77;19/06/2026;13:30;875.529
PT-77;19/06/2026;13:45;959.722
PT-77;19/06/2026;14:00;935.076
PT-77;19/06/2026;14:15;818.488
PT-77;19/06/2026;14:30;890.964
PT-77;19/06/2026;14:45;1027.172
PT-77;19/06/2026;15:00;889.368
PT-77;19/06/2026;15:15;835.517
PT-77;19/06/2026;15:30;999.170
PT-77;19/06/2026;15:45;879.935
PT-77;19/06/2026;16:00;952.562
PT-77;19/06/2026;16:15;855.503
PT-77;19/06/2026;16:30;812.274
PT-77;19/06/2026;16:45;886.244
PT-77;19/06/2026;17:00;925.919
PT-77;19/06/2026;17:15;804.482
PT-77;19/06/2026;17:30;795.883
PT-77;19/06/2026;17:45;881.113
PT-77;19/06/2026;18:00;959.916
PT-77;19/06/2026;18:15;824.162
PT-77;19/06/2026;18:30;862.262
PT-77;19/06/2026;18:45;741.526
PT-77;19/06/2026;19:00;783.316
PT-77;19/06/2026;19:15;816.194
PT-77;19/06/2026;19:30;858.334
PT-77;19/06/2026;19:45;742.488
PT-77;19/06/2026;20:00;754.962
PT-77;19/06/2026;20:15;809.635
PT-77;19/06/2026;20:30;770.593
PT-77;19/06/2026;20:45;696.301
PT-77;19/06/2026;21:00;836.323
PT-77;19/06/2026;21:15;713.286
PT-77;19/06/2026;21:30;776.454
PT-77;19/06/2026;21:45;682.328
PT-77;19/06/2026;22:00;689.374
PT-77;19/06/2026;22:15;790.790
PT-77;19/06/2026;22:30;774.035
PT-77;19/06/2026;22:45;736.582
PT-77;19/06/2026;23:00;800.875
PT-77;19/06/2026;23:15;810.015
PT-77;19/06/2026;23:30;726.002
PT-77;19/06/2026;23:45;738.722
PT-77;20/06/2026;00:00;689.380
PT-77;20/06/2026;00:15;738.207
PT-77;20/06/2026;00:30;753.134
PT-77;20/06/2026;00:45;679.209
PT-77;20/06/2026;01:00;711.059
PT-77;20/06/2026;01:15;734.180
PT-77;20/06/2026;01:30;720.117
PT-77;20/06/2026;01:45;738.487
PT-77;20/06/2026;02:00;703.602
PT-77;20/06/2026;02:15;643.477
PT-77;20/06/2026;02:30;668.735
PT-77;20/06/2026;02:45;783.616
PT-77;20/06/2026;03:00;733.081
PT-77;20/06/2026;03:15;765.906
PT-77;20/06/2026;03:30;668.543
PT-77;20/06/2026;03:45;762.765
PT-77;20/06/2026;04:00;734.994
PT-77;20/06/2026;04:15;771.781
PT-77;20/06/2026;04:30;821.851
PT-77;20/06/2026;04:45;763.072
PT-77;20/06/2026;05:00;697.476
PT-77;20/06/2026;05:15;767.983
PT-77;20/06/2026;05:30;676.112
PT-77;20/06/2026;05:45;731.018
PT-77;20/06/2026;06:00;724.720
PT-77;20/06/2026;06:15;755.319
PT-77;20/06/2026;06:30;797.202
PT-77;20/06/2026;06:45;703.436
PT-77;20/06/2026;07:00;814.500
PT-77;20/06/2026;07:15;699.809
PT-77;20/06/2026;07:30;770.871
PT-77;20/06/2026;07:45;750.565
PT-77;20/06/2026;08:00;766.542
PT-77;20/06/2026;08:15;856.537
PT-77;20/06/2026;08:30;777.096
PT-77;20/06/2026;08:45;766.830
PT-77;20/06/2026;09:00;831.493
PT-77;20/06/2026;09:15;731.080
PT-77;20/06/2026;09:30;736.866
PT-77;20/06/2026;09:45;858.506
PT-77;20/06/2026;10:00;809.566
PT-77;20/06/2026;10:15;867.546
PT-77;20/06/2026;10:30;824.909
PT-77;20/06/2026;10:45;903.247
PT-77;20/06/2026;11:00;830.282
PT-77;20/06/2026;11:15;914.297
PT-77;20/06/2026;11:30;894.637
PT-77;20/06/2026;11:45;814.208
PT-77;20/06/2026;12:00;920.667
PT-77;20/06/2026;12:15;920.000
PT-77;20/06/2026;12:30;901.282
PT-77;20/06/2026;12:45;889.580
PT-77;20/06/2026;13:00;849.434
PT-77;20/06/2026;13:15;957.439
PT-77;20/06/2026;13:30;969.851
PT-77;20/06/2026;13:45;905.983
PT-77;20/06/2026;14:00;903.117
PT-77;20/06/2026;14:15;1008.668
PT-77;20/06/2026;14:30;890.092
PT-77;20/06/2026;14:45;820.787
PT-77;20/06/2026;15:00;833.600
PT-77;20/06/2026;15:15;767.617
PT-77;20/06/2026;15:30;838.277
PT-77;20/06/2026;15:45;783.289
PT-77;20/06/2026;16:00;817.260
PT-77;20/06/2026;16:15;809.290
PT-77;20/06/2026;16:30;845.837
PT-77;20/06/2026;16:45;765.913
PT-77;20/06/2026;17:00;799.938
PT-77;20/06/2026;17:15;837.919
PT-77;20/06/2026;17:30;887.848
PT-77;20/06/2026;17:45;757.463
PT-77;20/06/2026;18:00;765.529
PT-77;20/06/2026;18:15;832.695
PT-77;20/06/2026;18:30;737.921
PT-77;20/06/2026;18:45;780.880
PT-77;20/06/2026;19:00;785.762
PT-77;20/06/2026;19:15;712.873
PT-77;20/06/2026;19:30;762.350
PT-77;20/06/2026;19:45;735.427
PT-77;20/06/2026;20:00;797.694
PT-77;20/06/2026;20:15;749.009
PT-77;20/06/2026;20:30;693.961
PT-77;20/06/2026;20:45;737.157
PT-77;20/06/2026;21:00;793.231
PT-77;20/06/2026;21:15;727.956
PT-77;20/06/2026;21:30;791.331
PT-77;20/06/2026;21:45;688.143
PT-77;20/06/2026;22:00;721.206
PT-77;20/06/2026;22:15;756.880
PT-77;20/06/2026;22:30;733.093
PT-77;20/06/2026;22:45;760.569
PT-77;20/06/2026;23:00;806.502
PT-77;20/06/2026;23:15;702.651
PT-77;20/06/2026;23:30;724.585
PT-77;20/06/2026;23:45;752.968
PT-77;21/06/2026;00:00;772.855
PT-77;21/06/2026;00:15;683.240
PT-77;21/06/2026;00:30;742.649
PT-77;21/06/2026;00:45;741.508
PT-77;21/06/2026;01:00;737.822
PT-77;21/06/2026;01:15;721.948
PT-77;21/06/2026;01:30;746.395
PT-77;21/06/2026;01:45;705.957
PT-77;21/06/2026;02:00;794.858
PT-77;21/06/2026;02:15;697.045
PT-77;21/06/2026;02:30;693.637
PT-77;21/06/2026;02:45;793.142
PT-77;21/06/2026;03:00;682.544
PT-77;21/06/2026;03:15;674.973
PT-77;21/06/2026;03:30;680.261
PT-77;21/06/2026;03:45;748.931
PT-77;21/06/2026;04:00;717.895
PT-77;21/06/2026;04:15;780.212
PT-77;21/06/2026;04:30;796.992
PT-77;21/06/2026;04:45;753.109
PT-77;21/06/2026;05:00;791.474
PT-77;21/06/2026;05:15;729.382
PT-77;21/06/2026;05:30;641.289
PT-77;21/06/2026;05:45;684.869
PT-77;21/06/2026;06:00;625.112
PT-77;21/06/2026;06:15;724.750
PT-77;21/06/2026;06:30;718.552
PT-77;21/06/2026;06:45;779.813
PT-77;21/06/2026;07:00;740.778
PT-77;21/06/2026;07:15;830.733
PT-77;21/06/2026;07:30;804.782
PT-77;21/06/2026;07:45;917.727
PT-77;21/06/2026;08:00;886.851
PT-77;21/06/2026;08:15;778.598
PT-77;21/06/2026;08:30;852.166
PT-77;21/06/2026;08:45;852.590
PT-77;21/06/2026;09:00;876.116
PT-77;21/06/2026;09:15;748.097
PT-77;21/06/2026;09:30;756.618
PT-77;21/06/2026;09:45;849.553
PT-77;21/06/2026;10:00;811.580
PT-77;21/06/2026;10:15;744.746
PT-77;21/06/2026;10:30;816.246
PT-77;21/06/2026;10:45;835.465
PT-77;21/06/2026;11:00;912.131
PT-77;21/06/2026;11:15;783.571
PT-77;21/06/2026;11:30;966.423
PT-77;21/06/2026;11:45;860.521
PT-77;21/06/2026;12:00;818.411
PT-77;21/06/2026;12:15;947.518
PT-77;21/06/2026;12:30;819.001
PT-77;21/06/2026;12:45;942.787
PT-77;21/06/2026;13:00;889.977
PT-77;21/06/2026;13:15;859.972
PT-77;21/06/2026;13:30;816.957
PT-77;21/06/2026;13:45;920.848
PT-77;21/06/2026;14:00;848.130
PT-77;21/06/2026;14:15;924.936
PT-77;21/06/2026;14:30;955.984
PT-77;21/06/2026;14:45;858.370
PT-77;21/06/2026;15:00;827.088
PT-77;21/06/2026;15:15;895.909
PT-77;21/06/2026;15:30;888.019
PT-77;21/06/2026;15:45;822.219
PT-77;21/06/2026;16:00;883.433
PT-77;21/06/2026;16:15;856.657
PT-77;21/06/2026;16:30;767.292
PT-77;21/06/2026;16:45;850.124
PT-77;21/06/2026;17:00;818.008
PT-77;21/06/2026;17:15;725.298
PT-77;21/06/2026;17:30;735.496
PT-77;21/06/2026;17:45;827.004
PT-77;21/06/2026;18:00;748.858
PT-77;21/06/2026;18:15;809.961
PT-77;21/06/2026;18:30;823.370
PT-77;21/06/2026;18:45;805.027
PT-77;21/06/2026;19:00;864.334
PT-77;21/06/2026;19:15;772.169
PT-77;21/06/2026;19:30;757.825
PT-77;21/06/2026;19:45;726.702
PT-77;21/06/2026;20:00;700.659
PT-77;21/06/2026;20:15;736.934
PT-77;21/06/2026;20:30;748.751
PT-77;21/06/2026;20:45;663.935
PT-77;21/06/2026;21:00;752.873
PT-77;21/06/2026;21:15;684.230
PT-77;21/06/2026;21:30;741.459
PT-77;21/06/2026;21:45;687.056
PT-77;21/06/2026;22:00;680.786
PT-77;21/06/2026;22:15;699.213
PT-77;21/06/2026;22:30;636.050
PT-77;21/06/2026;22:45;728.337
PT-77;21/06/2026;23:00;741.616
PT-77;21/06/2026;23:15;714.337
PT-77;21/06/2026;23:30;747.066
PT-77;21/06/2026;23:45;638.527
PT-77;22/06/2026;00:00;791.500
PT-77;22/06/2026;00:15;735.274
PT-77;22/06/2026;00:30;834.449
PT-77;22/06/2026;00:45;868.218
PT-77;22/06/2026;01:00;813.145
PT-77;22/06/2026;01:15;697.821
PT-77;22/06/2026;01:30;859.002
PT-77;22/06/2026;01:45;766.518
PT-77;22/06/2026;02:00;805.413
PT-77;22/06/2026;02:15;720.924
PT-77;22/06/2026;02:30;766.492
PT-77;22/06/2026;02:45;658.353
PT-77;22/06/2026;03:00;719.038
PT-77;22/06/2026;03:15;761.709
PT-77;22/06/2026;03:30;819.600
PT-77;22/06/2026;03:45;795.776
PT-77;22/06/2026;04:00;816.882
PT-77;22/06/2026;04:15;727.558
PT-77;22/06/2026;04:30;741.714
PT-77;22/06/2026;04:45;785.782
PT-77;22/06/2026;05:00;765.646
PT-77;22/06/2026;05:15;765.981
PT-77;22/06/2026;05:30;845.029
PT-77;22/06/2026;05:45;736.065
PT-77;22/06/2026;06:00;756.207
PT-77;22/06/2026;06:15;737.946
PT-77;22/06/2026;06:30;734.453
PT-77;22/06/2026;06:45;791.222
PT-77;22/06/2026;07:00;728.417
PT-77;22/06/2026;07:15;806.809
PT-77;22/06/2026;07:30;809.791
PT-77;22/06/2026;07:45;840.718
PT-77;22/06/2026;08:00;746.026
PT-77;22/06/2026;08:15;835.174
PT-77;22/06/2026;08:30;897.585
PT-77;22/06/2026;08:45;864.635
PT-77;22/06/2026;09:00;827.877
PT-77;22/06/2026;09:15;779.529
PT-77;22/06/2026;09:30;832.045
PT-77;22/06/2026;09:45;817.054
PT-77;22/06/2026;10:00;866.859
PT-77;22/06/2026;10:15;975.602
PT-77;22/06/2026;10:30;862.523
PT-77;22/06/2026;10:45;798.373
PT-77;22/06/2026;11:00;840.806
PT-77;22/06/2026;11:15;944.031
PT-77;22/06/2026;11:30;853.628
PT-77;22/06/2026;11:45;937.738
PT-77;22/06/2026;12:00;877.720
PT-77;22/06/2026;12:15;1024.344
PT-77;22/06/2026;12:30;886.393
PT-77;22/06/2026;12:45;781.668
PT-77;22/06/2026;13:00;817.022
PT-77;22/06/2026;13:15;926.271
PT-77;22/06/2026;13:30;835.602
PT-77;22/06/2026;13:45;861.044
PT-77;22/06/2026;14:00;902.571
PT-77;22/06/2026;14:15;925.699
PT-77;22/06/2026;14:30;870.267
PT-77;22/06/2026;14:45;992.379
PT-77;22/06/2026;15:00;954.964
PT-77;22/06/2026;15:15;871.774
PT-77;22/06/2026;15:30;878.222
PT-77;22/06/2026;15:45;944.630
PT-77;22/06/2026;16:00;887.635
PT-77;22/06/2026;16:15;851.280
PT-77;22/06/2026;16:30;879.696
PT-77;22/06/2026;16:45;842.268
PT-77;22/06/2026;17:00;881.948
PT-77;22/06/2026;17:15;870.792
PT-77;22/06/2026;17:30;895.851
PT-77;22/06/2026;17:45;886.531
PT-77;22/06/2026;18:00;806.201
PT-77;22/06/2026;18:15;770.264
PT-77;22/06/2026;18:30;770.956
PT-77;22/06/2026;18:45;778.468
PT-77;22/06/2026;19:00;875.927
PT-77;22/06/2026;19:15;779.533
PT-77;22/06/2026;19:30;807.572
PT-77;22/06/2026;19:45;716.262
PT-77;22/06/2026;20:00;721.353
PT-77;22/06/2026;20:15;754.560
PT-77;22/06/2026;20:30;807.645
PT-77;22/06/2026;20:45;834.589
PT-77;22/06/2026;21:00;697.023
PT-77;22/06/2026;21:15;806.034
PT-77;22/06/2026;21:30;798.777
PT-77;22/06/2026;21:45;691.030
PT-77;22/06/2026;22:00;811.145
PT-77;22/06/2026;22:15;732.164
PT-77;22/06/2026;22:30;855.144
PT-77;22/06/2026;22:45;733.948
PT-77;22/06/2026;23:00;856.355
PT-77;22/06/2026;23:15;744.083
PT-77;22/06/2026;23:30;734.329
PT-77;22/06/2026;23:45;822.601
PT-77;23/06/2026;00:00;879.586
PT-77;23/06/2026;00:15;798.127
PT-77;23/06/2026;00:30;694.557
PT-77;23/06/2026;00:45;762.913
PT-77;23/06/2026;01:00;730.933
PT-77;23/06/2026;01:15;712.072
PT-77;23/06/2026;01:30;746.825
PT-77;23/06/2026;01:45;797.437
PT-77;23/06/2026;02:00;806.307
PT-77;23/06/2026;02:15;732.200
PT-77;23/06/2026;02:30;817.826
PT-77;23/06/2026;02:45;732.356
PT-77;23/06/2026;03:00;843.867
PT-77;23/06/2026;03:15;802.402
PT-77;23/06/2026;03:30;783.268
PT-77;23/06/2026;03:45;709.999
PT-77;23/06/2026;04:00;766.546
PT-77;23/06/2026;04:15;888.477
PT-77;23/06/2026;04:30;818.378
PT-77;23/06/2026;04:45;701.049
PT-77;23/06/2026;05:00;681.787
PT-77;23/06/2026;05:15;786.851
PT-77;23/06/2026;05:30;733.494
PT-77;23/06/2026;05:45;792.843
PT-77;23/06/2026;06:00;756.735
PT-77;23/06/2026;06:15;823.895
PT-77;23/06/2026;06:30;772.827
PT-77;23/06/2026;06:45;791.513
PT-77;23/06/2026;07:00;840.852
PT-77;23/06/2026;07:15;780.545
PT-77;23/06/2026;07:30;872.293
PT-77;23/06/2026;07:45;770.843
PT-77;23/06/2026;08:00;785.601
PT-77;23/06/2026;08:15;858.716
PT-77;23/06/2026;08:30;771.855
PT-77;23/06/2026;08:45;892.952
PT-77;23/06/2026;09:00;872.267
PT-77;23/06/2026;09:15;785.020
PT-77;23/06/2026;09:30;885.862
PT-77;23/06/2026;09:45;899.032
PT-77;23/06/2026;10:00;902.421
PT-77;23/06/2026;10:15;783.995
PT-77;23/06/2026;10:30;859.362
PT-77;23/06/2026;10:45;915.968
PT-77;23/06/2026;11:00;966.475
PT-77;23/06/2026;11:15;838.660
PT-77;23/06/2026;11:30;919.958
PT-77;23/06/2026;11:45;923.903
PT-77;23/06/2026;12:00;904.236
PT-77;23/06/2026;12:15;865.465
PT-77;23/06/2026;12:30;845.173
PT-77;23/06/2026;12:45;957.929
PT-77;23/06/2026;13:00;909.279
PT-77;23/06/2026;13:15;856.616
PT-77;23/06/2026;13:30;885.864
PT-77;23/06/2026;13:45;979.582
PT-77;23/06/2026;14:00;889.129
PT-77;23/06/2026;14:15;1003.751
PT-77;23/06/2026;14:30;831.206
PT-77;23/06/2026;14:45;901.432
PT-77;23/06/2026;15:00;874.245
PT-77;23/06/2026;15:15;949.849
PT-77;23/06/2026;15:30;890.539
PT-77;23/06/2026;15:45;902.363
PT-77;23/06/2026;16:00;874.038
PT-77;23/06/2026;16:15;869.528
PT-77;23/06/2026;16:30;902.672
PT-77;23/06/2026;16:45;867.653
PT-77;23/06/2026;17:00;899.953
PT-77;23/06/2026;17:15;818.205
PT-77;23/06/2026;17:30;823.449
PT-77;23/06/2026;17:45;784.139
PT-77;23/06/2026;18:00;784.272
PT-77;23/06/2026;18:15;891.222
PT-77;23/06/2026;18:30;850.815
PT-77;23/06/2026;18:45;810.304
PT-77;23/06/2026;19:00;765.936
PT-77;23/06/2026;19:15;793.466
PT-77;23/06/2026;19:30;792.210
PT-77;23/06/2026;19:45;891.995
PT-77;23/06/2026;20:00;764.207
PT-77;23/06/2026;20:15;756.633
PT-77;23/06/2026;20:30;768.312
PT-77;23/06/2026;20:45;769.828
PT-77;23/06/2026;21:00;807.550
PT-77;23/06/2026;21:15;749.538
PT-77;23/06/2026;21:30;736.870
PT-77;23/06/2026;21:45;780.461
PT-77;23/06/2026;22:00;814.890
PT-77;23/06/2026;22:15;840.137
PT-77;23/06/2026;22:30;825.479
PT-77;23/06/2026;22:45;735.133
PT-77;23/06/2026;23:00;795.239
PT-77;23/06/2026;23:15;729.290
PT-77;23/06/2026;23:30;823.368
PT-77;23/06/2026;23:45;707.301
PT-77;24/06/2026;00:00;761.339
PT-77;24/06/2026;00:15;833.537
PT-77;24/06/2026;00:30;715.383
PT-77;24/06/2026;00:45;792.795
PT-77;24/06/2026;01:00;743.356
PT-77;24/06/2026;01:15;784.257
PT-77;24/06/2026;01:30;776.155
PT-77;24/06/2026;01:45;748.415
PT-77;24/06/2026;02:00;775.015
PT-77;24/06/2026;02:15;671.228
PT-77;24/06/2026;02:30;730.644
PT-77;24/06/2026;02:45;723.013
PT-77;24/06/2026;03:00;691.610
PT-77;24/06/2026;03:15;810.518
PT-77;24/06/2026;03:30;827.127
PT-77;24/06/2026;03:45;754.327
PT-77;24/06/2026;04:00;829.297
PT-77;24/06/2026;04:15;765.272
PT-77;24/06/2026;04:30;700.070
PT-77;24/06/2026;04:45;769.394
PT-77;24/06/2026;05:00;761.997
PT-77;24/06/2026;05:15;710.591
PT-77;24/06/2026;05:30;745.213
PT-77;24/06/2026;05:45;754.692
PT-77;24/06/2026;06:00;828.009
PT-77;24/06/2026;06:15;790.386
PT-77;24/06/2026;06:30;748.331
PT-77;24/06/2026;06:45;866.449
PT-77;24/06/2026;07:00;903.879
PT-77;24/06/2026;07:15;775.413
PT-77;24/06/2026;07:30;778.790
PT-77;24/06/2026;07:45;794.634
PT-77;24/06/2026;08:00;791.108
PT-77;24/06/2026;08:15;893.468
PT-77;24/06/2026;08:30;875.682
PT-77;24/06/2026;08:45;829.943
PT-77;24/06/2026;09:00;797.987
PT-77;24/06/2026;09:15;877.039
PT-77;24/06/2026;09:30;726.880
PT-77;24/06/2026;09:45;841.723
PT-77;24/06/2026;10:00;880.088
PT-77;24/06/2026;10:15;871.536
PT-77;24/06/2026;10:30;928.595
PT-77;24/06/2026;10:45;917.640
PT-77;24/06/2026;11:00;848.077
PT-77;24/06/2026;11:15;853.523
PT-77;24/06/2026;11:30;910.176
PT-77;24/06/2026;11:45;1045.789
PT-77;24/06/2026;12:00;868.077
PT-77;24/06/2026;12:15;964.445
PT-77;24/06/2026;12:30;888.970
PT-77;24/06/2026;12:45;932.358
PT-77;24/06/2026;13:00;871.152
PT-77;24/06/2026;13:15;920.849
PT-77;24/06/2026;13:30;954.452
PT-77;24/06/2026;13:45;994.495
PT-77;24/06/2026;14:00;917.159
PT-77;24/06/2026;14:15;861.490
PT-77;24/06/2026;14:30;915.060
PT-77;24/06/2026;14:45;959.054
PT-77;24/06/2026;15:00;910.414
PT-77;24/06/2026;15:15;861.493
PT-77;24/06/2026;15:30;968.595
PT-77;24/06/2026;15:45;875.156
PT-77;24/06/2026;16:00;875.497
PT-77;24/06/2026;16:15;801.234
PT-77;24/06/2026;16:30;878.480
PT-77;24/06/2026;16:45;849.020
PT-77;24/06/2026;17:00;827.258
PT-77;24/06/2026;17:15;919.779
PT-77;24/06/2026;17:30;839.326
PT-77;24/06/2026;17:45;797.387
PT-77;24/06/2026;18:00;921.452
PT-77;24/06/2026;18:15;872.309
PT-77;24/06/2026;18:30;812.946
PT-77;24/06/2026;18:45;736.620
PT-77;24/06/2026;19:00;824.864
PT-77;24/06/2026;19:15;836.451
PT-77;24/06/2026;19:30;822.199
PT-77;24/06/2026;19:45;726.446
PT-77;24/06/2026;20:00;689.292
PT-77;24/06/2026;20:15;781.408
PT-77;24/06/2026;20:30;721.568
PT-77;24/06/2026;20:45;821.436
PT-77;24/06/2026;21:00;733.417
PT-77;24/06/2026;21:15;829.552
PT-77;24/06/2026;21:30;799.125
PT-77;24/06/2026;21:45;711.432
PT-77;24/06/2026;22:00;865.707
PT-77;24/06/2026;22:15;744.717
PT-77;24/06/2026;22:30;726.188
PT-77;24/06/2026;22:45;746.757
PT-77;24/06/2026;23:00;797.843
PT-77;24/06/2026;23:15;751.264
PT-77;24/06/2026;23:30;815.990
PT-77;24/06/2026;23:45;778.265
PT-77;25/06/2026;00:00;835.154
PT-77;25/06/2026;00:15;713.868
PT-77;25/06/2026;00:30;789.187
PT-77;25/06/2026;00:45;774.650
PT-77;25/06/2026;01:00;697.056
PT-77;25/06/2026;01:15;813.319
PT-77;25/06/2026;01:30;759.122
PT-77;25/06/2026;01:45;820.486
PT-77;25/06/2026;02:00;695.101
PT-77;25/06/2026;02:15;721.850
PT-77;25/06/2026;02:30;695.983
PT-77;25/06/2026;02:45;733.522
PT-77;25/06/2026;03:00;756.573
PT-77;25/06/2026;03:15;885.829
PT-77;25/06/2026;03:30;758.807
PT-77;25/06/2026;03:45;742.961
PT-77;25/06/2026;04:00;841.679
PT-77;25/06/2026;04:15;723.818
PT-77;25/06/2026;04:30;687.345
PT-77;25/06/2026;04:45;799.599
PT-77;25/06/2026;05:00;771.598
PT-77;25/06/2026;05:15;723.952
PT-77;25/06/2026;05:30;815.699
PT-77;25/06/2026;05:45;737.194
PT-77;25/06/2026;06:00;736.445
PT-77;25/06/2026;06:15;787.687
PT-77;25/06/2026;06:30;802.460
PT-77;25/06/2026;06:45;750.925
PT-77;25/06/2026;07:00;821.978
PT-77;25/06/2026;07:15;760.650
PT-77;25/06/2026;07:30;819.652
PT-77;25/06/2026;07:45;917.296
PT-77;25/06/2026;08:00;352.000
PT-77;25/06/2026;08:15;352.000
PT-77;25/06/2026;08:30;352.000
PT-77;25/06/2026;08:45;352.000
PT-77;25/06/2026;09:00;352.000
PT-77;25/06/2026;09:15;352.000
PT-77;25/06/2026;09:30;352.000
PT-77;25/06/2026;09:45;352.000
PT-77;25/06/2026;10:00;352.000
PT-77;25/06/2026;10:15;352.000
PT-77;25/06/2026;10:30;352.000
PT-77;25/06/2026;10:45;352.000
PT-77;25/06/2026;11:00;352.000
PT-77;25/06/2026;11:15;352.000
PT-77;25/06/2026;11:30;352.000
PT-77;25/06/2026;11:45;352.000
PT-77;25/06/2026;12:00;352.000
PT-77;25/06/2026;12:15;352.000
PT-77;25/06/2026;12:30;352.000
PT-77;25/06/2026;12:45;352.000
PT-77;25/06/2026;13:00;863.922
PT-77;25/06/2026;13:15;963.383
PT-77;25/06/2026;13:30;915.488
PT-77;25/06/2026;13:45;999.233
PT-77;25/06/2026;14:00;854.472
PT-77;25/06/2026;14:15;956.436
PT-77;25/06/2026;14:30;897.508
PT-77;25/06/2026;14:45;898.575
PT-77;25/06/2026;15:00;908.051
PT-77;25/06/2026;15:15;826.969
PT-77;25/06/2026;15:30;802.748
PT-77;25/06/2026;15:45;940.566
PT-77;25/06/2026;16:00;908.782
PT-77;25/06/2026;16:15;904.638
PT-77;25/06/2026;16:30;785.202
PT-77;25/06/2026;16:45;908.440
PT-77;25/06/2026;17:00;837.978
PT-77;25/06/2026;17:15;886.324
PT-77;25/06/2026;17:30;824.080
PT-77;25/06/2026;17:45;796.365
PT-77;25/06/2026;18:00;703.211
PT-77;25/06/2026;18:15;822.306
PT-77;25/06/2026;18:30;809.635
PT-77;25/06/2026;18:45;751.019
PT-77;25/06/2026;19:00;775.941
PT-77;25/06/2026;19:15;757.665
PT-77;25/06/2026;19:30;821.154
PT-77;25/06/2026;19:45;771.179
PT-77;25/06/2026;20:00;774.053
PT-77;25/06/2026;20:15;755.638
PT-77;25/06/2026;20:30;710.076
PT-77;25/06/2026;20:45;825.378
PT-77;25/06/2026;21:00;795.463
PT-77;25/06/2026;21:15;721.613
PT-77;25/06/2026;21:30;749.937
PT-77;25/06/2026;21:45;690.558
PT-77;25/06/2026;22:00;786.829
PT-77;25/06/2026;22:15;793.980
PT-77;25/06/2026;22:30;734.732
PT-77;25/06/2026;22:45;785.905
PT-77;25/06/2026;23:00;736.293
PT-77;25/06/2026;23:15;661.263
PT-77;25/06/2026;23:30;705.750
PT-77;25/06/2026;23:45;727.737
PT-77;26/06/2026;00:00;808.422
PT-77;26/06/2026;00:15;838.088
PT-77;26/06/2026;00:30;756.256
PT-77;26/06/2026;00:45;785.370
PT-77;26/06/2026;01:00;747.108
PT-77;26/06/2026;01:15;818.861
PT-77;26/06/2026;01:30;775.953
PT-77;26/06/2026;01:45;769.272
PT-77;26/06/2026;02:00;756.843
PT-77;26/06/2026;02:15;775.286
PT-77;26/06/2026;02:30;688.105
PT-77;26/06/2026;02:45;766.041
PT-77;26/06/2026;03:00;691.729
PT-77;26/06/2026;03:15;770.950
PT-77;26/06/2026;03:30;815.787
PT-77;26/06/2026;03:45;700.916
PT-77;26/06/2026;04:00;779.844
PT-77;26/06/2026;04:15;725.103
PT-77;26/06/2026;04:30;709.782
PT-77;26/06/2026;04:45;705.653
PT-77;26/06/2026;05:00;747.046
PT-77;26/06/2026;05:15;708.481
PT-77;26/06/2026;05:30;828.507
PT-77;26/06/2026;05:45;806.177
PT-77;26/06/2026;06:00;768.400
PT-77;26/06/2026;06:15;688.970
PT-77;26/06/2026;06:30;811.664
PT-77;26/06/2026;06:45;776.568
PT-77;26/06/2026;07:00;832.030
PT-77;26/06/2026;07:15;747.910
PT-77;26/06/2026;07:30;839.313
PT-77;26/06/2026;07:45;783.087
PT-77;26/06/2026;08:00;786.512
PT-77;26/06/2026;08:15;876.249
PT-77;26/06/2026;08:30;721.055
PT-77;26/06/2026;08:45;827.711
PT-77;26/06/2026;09:00;852.561
PT-77;26/06/2026;09:15;870.525
PT-77;26/06/2026;09:30;763.832
PT-77;26/06/2026;09:45;875.850
PT-77;26/06/2026;10:00;844.234
PT-77;26/06/2026;10:15;974.484
PT-77;26/06/2026;10:30;902.479
PT-77;26/06/2026;10:45;844.693
PT-77;26/06/2026;11:00;904.258
PT-77;26/06/2026;11:15;852.917
PT-77;26/06/2026;11:30;885.975
PT-77;26/06/2026;11:45;874.582
PT-77;26/06/2026;12:00;810.286
PT-77;26/06/2026;12:15;934.898
PT-77;26/06/2026;12:30;962.321
PT-77;26/06/2026;12:45;892.750
PT-77;26/06/2026;13:00;783.035
PT-77;26/06/2026;13:15;916.296
PT-77;26/06/2026;13:30;935.705
PT-77;26/06/2026;13:45;837.090
PT-77;26/06/2026;14:00;945.085
PT-77;26/06/2026;14:15;867.522
PT-77;26/06/2026;14:30;893.370
PT-77;26/06/2026;14:45;891.034
PT-77;26/06/2026;15:00;872.798
PT-77;26/06/2026;15:15;837.263
PT-77;26/06/2026;15:30;850.566
PT-77;26/06/2026;15:45;875.265
PT-77;26/06/2026;16:00;874.291
PT-77;26/06/2026;16:15;935.725
PT-77;26/06/2026;16:30;855.859
PT-77;26/06/2026;16:45;846.455
PT-77;26/06/2026;17:00;866.237
PT-77;26/06/2026;17:15;825.567
PT-77;26/06/2026;17:30;812.361
PT-77;26/06/2026;17:45;923.955
PT-77;26/06/2026;18:00;824.365
PT-77;26/06/2026;18:15;921.095
PT-77;26/06/2026;18:30;858.589
PT-77;26/06/2026;18:45;739.641
PT-77;26/06/2026;19:00;779.250
PT-77;26/06/2026;19:15;821.538
PT-77;26/06/2026;19:30;781.934
PT-77;26/06/2026;19:45;886.479
PT-77;26/06/2026;20:00;788.929
PT-77;26/06/2026;20:15;772.415
PT-77;26/06/2026;20:30;813.822
PT-77;26/06/2026;20:45;733.558
PT-77;26/06/2026;21:00;774.406
PT-77;26/06/2026;21:15;736.401
PT-77;26/06/2026;21:30;711.973
PT-77;26/06/2026;21:45;808.606
PT-77;26/06/2026;22:00;708.078
PT-77;26/06/2026;22:15;797.287
PT-77;26/06/2026;22:30;725.679
PT-77;26/06/2026;22:45;810.408
PT-77;26/06/2026;23:00;757.411
PT-77;26/06/2026;23:15;703.482
PT-77;26/06/2026;23:30;820.175
PT-77;26/06/2026;23:45;708.356
PT-77;27/06/2026;00:00;772.974
PT-77;27/06/2026;00:15;761.296
PT-77;27/06/2026;00:30;681.895
PT-77;27/06/2026;00:45;740.296
PT-77;27/06/2026;01:00;718.084
PT-77;27/06/2026;01:15;817.454
PT-77;27/06/2026;01:30;685.971
PT-77;27/06/2026;01:45;796.578
PT-77;27/06/2026;02:00;832.018
PT-77;27/06/2026;02:15;738.458
PT-77;27/06/2026;02:30;774.755
PT-77;27/06/2026;02:45;688.419
PT-77;27/06/2026;03:00;687.040
PT-77;27/06/2026;03:15;770.114
PT-77;27/06/2026;03:30;722.994
PT-77;27/06/2026;03:45;739.143
PT-77;27/06/2026;04:00;673.623
PT-77;27/06/2026;04:15;737.937
PT-77;27/06/2026;04:30;718.563
PT-77;27/06/2026;04:45;771.741
PT-77;27/06/2026;05:00;760.454
PT-77;27/06/2026;05:15;799.998
PT-77;27/06/2026;05:30;791.333
PT-77;27/06/2026;05:45;693.045
PT-77;27/06/2026;06:00;731.626
PT-77;27/06/2026;06:15;634.716
PT-77;27/06/2026;06:30;687.801
PT-77;27/06/2026;06:45;772.993
PT-77;27/06/2026;07:00;687.160
PT-77;27/06/2026;07:15;802.932
PT-77;27/06/2026;07:30;799.860
PT-77;27/06/2026;07:45;713.270
PT-77;27/06/2026;08:00;784.500
PT-77;27/06/2026;08:15;830.274
PT-77;27/06/2026;08:30;760.678
PT-77;27/06/2026;08:45;825.933
PT-77;27/06/2026;09:00;810.259
PT-77;27/06/2026;09:15;815.050
PT-77;27/06/2026;09:30;912.796
PT-77;27/06/2026;09:45;797.982
PT-77;27/06/2026;10:00;795.035
PT-77;27/06/2026;10:15;791.856
PT-77;27/06/2026;10:30;822.914
PT-77;27/06/2026;10:45;779.902
PT-77;27/06/2026;11:00;856.727
PT-77;27/06/2026;11:15;845.191
PT-77;27/06/2026;11:30;756.499
PT-77;27/06/2026;11:45;869.351
PT-77;27/06/2026;12:00;831.682
PT-77;27/06/2026;12:15;817.523
PT-77;27/06/2026;12:30;813.631
PT-77;27/06/2026;12:45;834.828
PT-77;27/06/2026;13:00;878.350
PT-77;27/06/2026;13:15;841.319
PT-77;27/06/2026;13:30;788.449
PT-77;27/06/2026;13:45;756.056
PT-77;27/06/2026;14:00;854.975
PT-77;27/06/2026;14:15;829.711
PT-77;27/06/2026;14:30;861.137
PT-77;27/06/2026;14:45;853.467
PT-77;27/06/2026;15:00;891.377
PT-77;27/06/2026;15:15;805.871
PT-77;27/06/2026;15:30;870.156
PT-77;27/06/2026;15:45;857.205
PT-77;27/06/2026;16:00;851.828
PT-77;27/06/2026;16:15;766.287
PT-77;27/06/2026;16:30;824.439
PT-77;27/06/2026;16:45;764.487
PT-77;27/06/2026;17:00;748.831
PT-77;27/06/2026;17:15;867.553
PT-77;27/06/2026;17:30;839.530
PT-77;27/06/2026;17:45;812.242
PT-77;27/06/2026;18:00;838.530
PT-77;27/06/2026;18:15;818.141
PT-77;27/06/2026;18:30;774.605
PT-77;27/06/2026;18:45;670.049
PT-77;27/06/2026;19:00;684.559
PT-77;27/06/2026;19:15;774.514
PT-77;27/06/2026;19:30;773.064
PT-77;27/06/2026;19:45;720.639
PT-77;27/06/2026;20:00;654.505
PT-77;27/06/2026;20:15;677.997
PT-77;27/06/2026;20:30;774.950
PT-77;27/06/2026;20:45;717.063
PT-77;27/06/2026;21:00;760.550
PT-77;27/06/2026;21:15;711.078
PT-77;27/06/2026;21:30;754.272
PT-77;27/06/2026;21:45;663.734
PT-77;27/06/2026;22:00;712.688
PT-77;27/06/2026;22:15;769.273
PT-77;27/06/2026;22:30;717.765
PT-77;27/06/2026;22:45;722.588
PT-77;27/06/2026;23:00;760.047
PT-77;27/06/2026;23:15;775.525
PT-77;27/06/2026;23:30;744.185
PT-77;27/06/2026;23:45;636.980
PT-77;28/06/2026;00:00;674.024
PT-77;28/06/2026;00:15;716.977
PT-77;28/06/2026;00:30;704.196
PT-77;28/06/2026;00:45;731.022
PT-77;28/06/2026;01:00;663.085
PT-77;28/06/2026;01:15;727.249
PT-77;28/06/2026;01:30;692.416
PT-77;28/06/2026;01:45;782.867
PT-77;28/06/2026;02:00;833.218
PT-77;28/06/2026;02:15;761.903
PT-77;28/06/2026;02:30;747.571
PT-77;28/06/2026;02:45;737.079
PT-77;28/06/2026;03:00;695.053
PT-77;28/06/2026;03:15;777.239
PT-77;28/06/2026;03:30;697.341
PT-77;28/06/2026;03:45;719.844
PT-77;28/06/2026;04:00;746.836
PT-77;28/06/2026;04:15;678.148
PT-77;28/06/2026;04:30;708.220
PT-77;28/06/2026;04:45;661.631
PT-77;28/06/2026;05:00;768.798
PT-77;28/06/2026;05:15;693.007
PT-77;28/06/2026;05:30;674.287
PT-77;28/06/2026;05:45;728.268
PT-77;28/06/2026;06:00;741.800
PT-77;28/06/2026;06:15;705.237
PT-77;28/06/2026;06:30;726.904
PT-77;28/06/2026;06:45;810.557
PT-77;28/06/2026;07:00;772.468
PT-77;28/06/2026;07:15;811.659
PT-77;28/06/2026;07:30;828.822
PT-77;28/06/2026;07:45;796.736
PT-77;28/06/2026;08:00;920.182
PT-77;28/06/2026;08:15;801.191
PT-77;28/06/2026;08:30;712.489
PT-77;28/06/2026;08:45;768.468
PT-77;28/06/2026;09:00;905.100
PT-77;28/06/2026;09:15;789.840
PT-77;28/06/2026;09:30;795.556
PT-77;28/06/2026;09:45;779.554
PT-77;28/06/2026;10:00;768.739
PT-77;28/06/2026;10:15;882.723
PT-77;28/06/2026;10:30;855.144
PT-77;28/06/2026;10:45;818.099
PT-77;28/06/2026;11:00;892.778
PT-77;28/06/2026;11:15;1031.788
PT-77;28/06/2026;11:30;884.751
PT-77;28/06/2026;11:45;786.420
PT-77;28/06/2026;12:00;848.347
PT-77;28/06/2026;12:15;807.599
PT-77;28/06/2026;12:30;873.498
PT-77;28/06/2026;12:45;894.021
PT-77;28/06/2026;13:00;947.804
PT-77;28/06/2026;13:15;817.706
PT-77;28/06/2026;13:30;879.620
PT-77;28/06/2026;13:45;866.093
PT-77;28/06/2026;14:00;915.958
PT-77;28/06/2026;14:15;901.841
PT-77;28/06/2026;14:30;896.681
PT-77;28/06/2026;14:45;904.404
PT-77;28/06/2026;15:00;930.716
PT-77;28/06/2026;15:15;809.635
PT-77;28/06/2026;15:30;903.240
PT-77;28/06/2026;15:45;840.260
PT-77;28/06/2026;16:00;810.357
PT-77;28/06/2026;16:15;890.967
PT-77;28/06/2026;16:30;847.231
PT-77;28/06/2026;16:45;739.038
PT-77;28/06/2026;17:00;797.704
PT-77;28/06/2026;17:15;803.187
PT-77;28/06/2026;17:30;746.353
PT-77;28/06/2026;17:45;772.683
PT-77;28/06/2026;18:00;809.880
PT-77;28/06/2026;18:15;847.668
PT-77;28/06/2026;18:30;748.938
PT-77;28/06/2026;18:45;821.957
PT-77;28/06/2026;19:00;780.917
PT-77;28/06/2026;19:15;677.224
PT-77;28/06/2026;19:30;734.775
PT-77;28/06/2026;19:45;731.671
PT-77;28/06/2026;20:00;761.072
PT-77;28/06/2026;20:15;699.899
PT-77;28/06/2026;20:30;743.124
PT-77;28/06/2026;20:45;826.127
PT-77;28/06/2026;21:00;706.862
PT-77;28/06/2026;21:15;790.410
PT-77;28/06/2026;21:30;682.739
PT-77;28/06/2026;21:45;792.339
PT-77;28/06/2026;22:00;771.413
PT-77;28/06/2026;22:15;739.082
PT-77;28/06/2026;22:30;757.949
PT-77;28/06/2026;22:45;691.840
PT-77;28/06/2026;23:00;616.585
PT-77;28/06/2026;23:15;716.041
PT-77;28/06/2026;23:30;723.503
PT-77;28/06/2026;23:45;742.249
PT-77;29/06/2026;00:00;688.020
PT-77;29/06/2026;00:15;733.412
PT-77;29/06/2026;00:30;772.456
PT-77;29/06/2026;00:45;829.302
PT-77;29/06/2026;01:00;760.016
PT-77;29/06/2026;01:15;862.153
PT-77;29/06/2026;01:30;702.895
PT-77;29/06/2026;01:45;725.863
PT-77;29/06/2026;02:00;794.458
PT-77;29/06/2026;02:15;708.255
PT-77;29/06/2026;02:30;768.847
PT-77;29/06/2026;02:45;831.551
PT-77;29/06/2026;03:00;865.137
PT-77;29/06/2026;03:15;773.762
PT-77;29/06/2026;03:30;733.783
PT-77;29/06/2026;03:45;790.317
PT-77;29/06/2026;04:00;809.329
PT-77;29/06/2026;04:15;783.381
PT-77;29/06/2026;04:30;737.551
PT-77;29/06/2026;04:45;814.937
PT-77;29/06/2026;05:00;740.186
PT-77;29/06/2026;05:15;813.824
PT-77;29/06/2026;05:30;756.899
PT-77;29/06/2026;05:45;836.935
PT-77;29/06/2026;06:00;725.953
PT-77;29/06/2026;06:15;813.903
PT-77;29/06/2026;06:30;801.523
PT-77;29/06/2026;06:45;809.706
PT-77;29/06/2026;07:00;862.686
PT-77;29/06/2026;07:15;756.929
PT-77;29/06/2026;07:30;797.334
PT-77;29/06/2026;07:45;736.024
PT-77;29/06/2026;08:00;839.068
PT-77;29/06/2026;08:15;909.033
PT-77;29/06/2026;08:30;890.313
PT-77;29/06/2026;08:45;794.533
PT-77;29/06/2026;09:00;878.084
PT-77;29/06/2026;09:15;946.042
PT-77;29/06/2026;09:30;923.784
PT-77;29/06/2026;09:45;831.592
PT-77;29/06/2026;10:00;915.252
PT-77;29/06/2026;10:15;888.877
PT-77;29/06/2026;10:30;862.025
PT-77;29/06/2026;10:45;906.503
PT-77;29/06/2026;11:00;933.842
PT-77;29/06/2026;11:15;895.200
PT-77;29/06/2026;11:30;955.823
PT-77;29/06/2026;11:45;928.089
PT-77;29/06/2026;12:00;856.496
PT-77;29/06/2026;12:15;883.346
PT-77;29/06/2026;12:30;885.711
PT-77;29/06/2026;12:45;987.335
PT-77;29/06/2026;13:00;991.627
PT-77;29/06/2026;13:15;864.432
PT-77;29/06/2026;13:30;869.227
PT-77;29/06/2026;13:45;934.660
PT-77;29/06/2026;14:00;907.355
PT-77;29/06/2026;14:15;988.387
PT-77;29/06/2026;14:30;874.411
PT-77;29/06/2026;14:45;816.064
PT-77;29/06/2026;15:00;807.093
PT-77;29/06/2026;15:15;859.214
PT-77;29/06/2026;15:30;851.775
PT-77;29/06/2026;15:45;899.684
PT-77;29/06/2026;16:00;856.256
PT-77;29/06/2026;16:15;855.977
PT-77;29/06/2026;16:30;804.801
PT-77;29/06/2026;16:45;912.897
PT-77;29/06/2026;17:00;808.799
PT-77;29/06/2026;17:15;765.181
PT-77;29/06/2026;17:30;889.794
PT-77;29/06/2026;17:45;848.226
PT-77;29/06/2026;18:00;831.871
PT-77;29/06/2026;18:15;843.731
PT-77;29/06/2026;18:30;850.288
PT-77;29/06/2026;18:45;772.114
PT-77;29/06/2026;19:00;786.061
PT-77;29/06/2026;19:15;767.235
PT-77;29/06/2026;19:30;754.562
PT-77;29/06/2026;19:45;805.533
PT-77;29/06/2026;20:00;696.159
PT-77;29/06/2026;20:15;812.493
PT-77;29/06/2026;20:30;721.940
PT-77;29/06/2026;20:45;750.378
PT-77;29/06/2026;21:00;721.772
PT-77;29/06/2026;21:15;840.898
PT-77;29/06/2026;21:30;731.805
PT-77;29/06/2026;21:45;694.344
PT-77;29/06/2026;22:00;802.905
PT-77;29/06/2026;22:15;818.966
PT-77;29/06/2026;22:30;797.348
PT-77;29/06/2026;22:45;721.861
PT-77;29/06/2026;23:00;688.882
PT-77;29/06/2026;23:15;763.507
PT-77;29/06/2026;23:30;772.605
PT-77;29/06/2026;23:45;819.731
PT-77;30/06/2026;00:00;827.243
PT-77;30/06/2026;00:15;792.916
PT-77;30/06/2026;00:30;857.325
PT-77;30/06/2026;00:45;741.668
PT-77;30/06/2026;01:00;771.845
PT-77;30/06/2026;01:15;682.355
PT-77;30/06/2026;01:30;860.700
PT-77;30/06/2026;01:45;748.711
PT-77;30/06/2026;02:00;745.247
PT-77;30/06/2026;02:15;820.367
PT-77;30/06/2026;02:30;785.078
PT-77;30/06/2026;02:45;782.403
PT-77;30/06/2026;03:00;772.978
PT-77;30/06/2026;03:15;812.412
PT-77;30/06/2026;03:30;828.995
PT-77;30/06/2026;03:45;761.730
PT-77;30/06/2026;04:00;812.385
PT-77;30/06/2026;04:15;712.982
PT-77;30/06/2026;04:30;754.080
PT-77;30/06/2026;04:45;791.988
PT-77;30/06/2026;05:00;831.539
PT-77;30/06/2026;05:15;798.915
PT-77;30/06/2026;05:30;811.905
PT-77;30/06/2026;05:45;788.526
PT-77;30/06/2026;06:00;812.734
PT-77;30/06/2026;06:15;853.989
PT-77;30/06/2026;06:30;759.101
PT-77;30/06/2026;06:45;717.400
PT-77;30/06/2026;07:00;766.678
PT-77;30/06/2026;07:15;797.443
PT-77;30/06/2026;07:30;802.978
PT-77;30/06/2026;07:45;938.949
PT-77;30/06/2026;08:00;777.235
PT-77;30/06/2026;08:15;903.171
PT-77;30/06/2026;08:30;785.132
PT-77;30/06/2026;08:45;839.517
PT-77;30/06/2026;09:00;821.783
PT-77;30/06/2026;09:15;794.882
PT-77;30/06/2026;09:30;894.334
PT-77;30/06/2026;09:45;820.002
PT-77;30/06/2026;10:00;824.585
PT-77;30/06/2026;10:15;915.968
PT-77;30/06/2026;10:30;809.327
PT-77;30/06/2026;10:45;855.772
PT-77;30/06/2026;11:00;826.086
PT-77;30/06/2026;11:15;916.016
PT-77;30/06/2026;11:30;850.434
PT-77;30/06/2026;11:45;964.354
PT-77;30/06/2026;12:00;844.966
PT-77;30/06/2026;12:15;955.938
PT-77;30/06/2026;12:30;883.993
PT-77;30/06/2026;12:45;995.571
PT-77;30/06/2026;13:00;828.773
PT-77;30/06/2026;13:15;966.538
PT-77;30/06/2026;13:30;848.542
PT-77;30/06/2026;13:45;931.125
PT-77;30/06/2026;14:00;894.031
PT-77;30/06/2026;14:15;931.545
PT-77;30/06/2026;14:30;888.420
PT-77;30/06/2026;14:45;886.772
PT-77;30/06/2026;15:00;972.747
PT-77;30/06/2026;15:15;836.433
PT-77;30/06/2026;15:30;933.869
PT-77;30/06/2026;15:45;909.437
PT-77;30/06/2026;16:00;972.484
PT-77;30/06/2026;16:15;891.185
PT-77;30/06/2026;16:30;829.349
PT-77;30/06/2026;16:45;929.690
PT-77;30/06/2026;17:00;868.433
PT-77;30/06/2026;17:15;868.691
PT-77;30/06/2026;17:30;794.695
PT-77;30/06/2026;17:45;855.741
PT-77;30/06/2026;18:00;819.173
PT-77;30/06/2026;18:15;787.927
PT-77;30/06/2026;18:30;870.085
PT-77;30/06/2026;18:45;780.058
PT-77;30/06/2026;19:00;765.647
PT-77;30/06/2026;19:15;823.970
PT-77;30/06/2026;19:30;878.977
PT-77;30/06/2026;19:45;756.654
PT-77;30/06/2026;20:00;813.619
PT-77;30/06/2026;20:15;748.823
PT-77;30/06/2026;20:30;865.505
PT-77;30/06/2026;20:45;800.471
PT-77;30/06/2026;21:00;839.704
PT-77;30/06/2026;21:15;733.737
PT-77;30/06/2026;21:30;815.165
PT-77;30/06/2026;21:45;734.784
PT-77;30/06/2026;22:00;723.174
PT-77;30/06/2026;22:15;807.154
PT-77;30/06/2026;22:30;748.437
PT-77;30/06/2026;22:45;662.338
PT-77;30/06/2026;23:00;820.856
PT-77;30/06/2026;23:15;799.442
PT-77;30/06/2026;23:30;786.505
PT-77;30/06/2026;23:45;756.913
